,ID,Pred
0,2021_1101_1104,0.13366601944608256
1,2021_1101_1111,0.8447205283023324
2,2021_1104_1111,0.95
3,2021_1101_1116,0.19019058102190858
4,2021_1104_1116,0.588211065807889
5,2021_1111_1116,0.05
6,2021_1101_1124,0.08190417818423776
7,2021_1104_1124,0.3517388706186512
8,2021_1111_1124,0.05
9,2021_1116_1124,0.2627820822932776
10,2021_1101_1140,0.20133731694114074
11,2021_1104_1140,0.6052503090768228
12,2021_1111_1140,0.05
13,2021_1116_1140,0.5018090788960019
14,2021_1124_1140,0.7261578959130482
15,2021_1101_1155,0.3106412410869601
16,2021_1104_1155,0.7326724538535558
17,2021_1111_1155,0.07212599566962301
18,2021_1116_1155,0.6429222340700824
19,2021_1124_1155,0.8257857708231303
20,2021_1140_1155,0.6265056382103108
21,2021_1101_1156,0.7310524774147309
22,2021_1104_1156,0.9429624259611779
23,2021_1111_1156,0.3192133446279798
24,2021_1116_1156,0.9156888346802728
25,2021_1124_1156,0.95
26,2021_1140_1156,0.9100583002138527
27,2021_1155_1156,0.849861238696605
28,2021_1101_1159,0.4812257118185929
29,2021_1104_1159,0.8494398868391775
30,2021_1111_1159,0.13794182141694783
31,2021_1116_1159,0.7875233396174
32,2021_1124_1159,0.9070419439627756
33,2021_1140_1159,0.7754326621505746
34,2021_1155_1159,0.6589035090522499
35,2021_1156_1159,0.24256272044305463
36,2021_1101_1160,0.18735531632874386
37,2021_1104_1160,0.5837192344665876
38,2021_1111_1160,0.05
39,2021_1116_1160,0.47948808486280803
40,2021_1124_1160,0.7080404002917354
41,2021_1140_1160,0.4618470458739507
42,2021_1155_1160,0.32437391353082523
43,2021_1156_1160,0.07372460403961814
44,2021_1159_1160,0.18912073260644877
45,2021_1101_1163,0.1833290443356973
46,2021_1104_1163,0.5772253748476605
47,2021_1111_1163,0.05
48,2021_1116_1163,0.4728366862194373
49,2021_1124_1163,0.7024974795713309
50,2021_1140_1163,0.4552263406922719
51,2021_1155_1163,0.31855736709049204
52,2021_1156_1163,0.07192413396814464
53,2021_1159_1163,0.18506516164824718
54,2021_1160_1163,0.4774539058756964
55,2021_1101_1166,0.19441729651191395
56,2021_1104_1166,0.5947864484191995
57,2021_1111_1166,0.05
58,2021_1116_1166,0.49090958322889944
59,2021_1124_1166,0.7174025716302961
60,2021_1140_1166,0.4732303735180111
61,2021_1155_1166,0.3344748292319495
62,2021_1156_1166,0.07690885562627256
63,2021_1159_1166,0.19623318794111172
64,2021_1160_1166,0.4955373904279666
65,2021_1163_1166,0.5022039083196287
66,2021_1101_1179,0.3515726795002434
67,2021_1104_1179,0.7673153496825267
68,2021_1111_1179,0.08552888412988902
69,2021_1116_1179,0.6841824330386084
70,2021_1124_1179,0.8508190307650473
71,2021_1140_1179,0.6686852298182887
72,2021_1155_1179,0.5303154483725575
73,2021_1156_1179,0.1576681691294776
74,2021_1159_1179,0.354211018872844
75,2021_1160_1179,0.6881693345336879
76,2021_1163_1179,0.6938628755252201
77,2021_1166_1179,0.6782730151855212
78,2021_1101_1180,0.7251503144240522
79,2021_1104_1180,0.9413375431809337
80,2021_1111_1180,0.3127694130541103
81,2021_1116_1180,0.9133583732622215
82,2021_1124_1180,0.95
83,2021_1140_1180,0.9075879108764915
84,2021_1155_1180,0.8460172010490459
85,2021_1156_1180,0.4766686242141597
86,2021_1159_1180,0.727447012441941
87,2021_1160_1180,0.9148123669825328
88,2021_1163_1180,0.9168676573325331
89,2021_1166_1180,0.9111804885492328
90,2021_1179_1180,0.8203483111456804
91,2021_1101_1186,0.5887226999525745
92,2021_1104_1186,0.8969730133210023
93,2021_1111_1186,0.1980271390014891
94,2021_1116_1186,0.8511793446412339
95,2021_1124_1186,0.9377228808763433
96,2021_1140_1186,0.8419841182398606
97,2021_1155_1186,0.7488017452652177
98,2021_1156_1186,0.3307355081054972
99,2021_1159_1186,0.5915172341519275
100,2021_1160_1186,0.8535094494298774
101,2021_1163_1186,0.8568122721861795
102,2021_1166_1186,0.8476991076726251
103,2021_1179_1186,0.7124354764617947
104,2021_1180_1186,0.33736788072635887
105,2021_1101_1196,0.27575543332447194
106,2021_1104_1196,0.6984088640916933
107,2021_1111_1196,0.061631302193913655
108,2021_1116_1196,0.6033823990120466
109,2021_1124_1196,0.8002021080535269
110,2021_1140_1196,0.5863176362356407
111,2021_1155_1196,0.44224134323075415
112,2021_1156_1196,0.11617486552225573
113,2021_1159_1196,0.27806880171771026
114,2021_1160_1196,0.6078046143052022
115,2021_1163_1196,0.6141427537580859
116,2021_1166_1196,0.5968519584079461
117,2021_1179_1196,0.3972204126957216
118,2021_1180_1196,0.11927135714810719
119,2021_1186_1196,0.19974620469649884
120,2021_1101_1199,0.18027863816370535
121,2021_1104_1199,0.5722131214678705
122,2021_1111_1199,0.05
123,2021_1116_1199,0.46772805106321175
124,2021_1124_1199,0.6981938689369008
125,2021_1140_1199,0.450145503154494
126,2021_1155_1199,0.3141223587346261
127,2021_1156_1199,0.07056721856949569
128,2021_1159_1199,0.1819923056883096
129,2021_1160_1199,0.4723400827942655
130,2021_1163_1199,0.4789908430782256
131,2021_1166_1199,0.46095943062541284
132,2021_1179_1199,0.2756972062012966
133,2021_1180_1199,0.07254787938275352
134,2021_1186_1199,0.126007826522967
135,2021_1196_1199,0.35150621311915203
136,2021_1101_1207,0.3679572834338716
137,2021_1104_1207,0.7797752456957776
138,2021_1111_1207,0.09125983817147881
139,2021_1116_1207,0.6993497208574149
140,2021_1124_1207,0.8596254617088827
141,2021_1140_1207,0.6842533057244005
142,2021_1155_1207,0.5479903256197058
143,2021_1156_1207,0.16734831248067208
144,2021_1159_1207,0.3706482959976654
145,2021_1160_1207,0.7032282030095565
146,2021_1163_1207,0.7087631534527891
147,2021_1166_1207,0.6935970079651304
148,2021_1179_1207,0.5018910821320838
149,2021_1180_1207,0.17154403133448667
150,2021_1186_1207,0.27622662491779326
151,2021_1196_1207,0.5892935383385459
152,2021_1199_1207,0.7129780080559458
153,2021_1101_1210,0.2522261108225061
154,2021_1104_1210,0.672292600835872
155,2021_1111_1210,0.05498538513928253
156,2021_1116_1210,0.5740558947803405
157,2021_1124_1210,0.7801255374824656
158,2021_1140_1210,0.5566564584663296
159,2021_1155_1210,0.4125992488498469
160,2021_1156_1210,0.10430107787230819
161,2021_1159_1210,0.25441142657388266
162,2021_1160_1210,0.5785767174440671
163,2021_1163_1210,0.5850647411863179
164,2021_1166_1210,0.5673887906053289
165,2021_1179_1210,0.36860170555657945
166,2021_1180_1210,0.10711944634346328
167,2021_1186_1210,0.18108092196559322
168,2021_1196_1210,0.45394618076687154
169,2021_1199_1210,0.5900342989374652
170,2021_1207_1210,0.35220439676720394
171,2021_1101_1211,0.05
172,2021_1104_1211,0.23191613625126234
173,2021_1111_1211,0.05
174,2021_1116_1211,0.16552549097097566
175,2021_1124_1211,0.34305770022134396
176,2021_1140_1211,0.15597421906382897
177,2021_1155_1211,0.09369541789522412
178,2021_1156_1211,0.05
179,2021_1159_1211,0.05
180,2021_1160_1211,0.16809873772125652
181,2021_1163_1211,0.17186091168204196
182,2021_1166_1211,0.16180073821049404
183,2021_1179_1211,0.07912351305197773
184,2021_1180_1211,0.05
185,2021_1186_1211,0.05
186,2021_1196_1211,0.10901573636343795
187,2021_1199_1211,0.1747992582144468
188,2021_1207_1211,0.0740925587235033
189,2021_1210_1211,0.12135352979067501
190,2021_1101_1213,0.5791305475293446
191,2021_1104_1213,0.8932667436018573
192,2021_1111_1213,0.19183152283426574
193,2021_1116_1213,0.846108339551808
194,2021_1124_1213,0.9353769240034204
195,2021_1140_1213,0.8366599158067634
196,2021_1155_1213,0.7413025105479356
197,2021_1156_1213,0.32205524248297507
198,2021_1159_1213,0.5819439759374082
199,2021_1160_1213,0.8485037102757611
200,2021_1163_1213,0.8518998104884565
201,2021_1166_1213,0.842531453658097
202,2021_1179_1213,0.704279328305801
203,2021_1180_1213,0.32859901148623955
204,2021_1186_1213,0.47425744713925294
205,2021_1196_1213,0.7722818733201862
206,2021_1199_1213,0.8544685012011579
207,2021_1207_1213,0.6892502274227117
208,2021_1210_1213,0.7928844992677199
209,2021_1211_1213,0.95
210,2021_1101_1216,0.8173560292073495
211,2021_1104_1216,0.95
212,2021_1111_1216,0.43565324974300057
213,2021_1116_1216,0.947036235647969
214,2021_1124_1216,0.95
215,2021_1140_1216,0.9433696985690007
216,2021_1155_1216,0.9030935625483175
217,2021_1156_1216,0.6070641475812694
218,2021_1159_1216,0.8190744757213531
219,2021_1160_1216,0.9479572608374144
220,2021_1163_1216,0.9492572329635435
221,2021_1166_1216,0.94565453096463
222,2021_1179_1216,0.8856533022077092
223,2021_1180_1216,0.6141528299189987
224,2021_1186_1216,0.7457873659720489
225,2021_1196_1216,0.9168708982665108
226,2021_1199_1216,0.95
227,2021_1207_1216,0.8782484665382465
228,2021_1210_1216,0.9256513237586553
229,2021_1211_1216,0.95
230,2021_1213_1216,0.753199875331485
231,2021_1101_1222,0.08830241580604811
232,2021_1104_1222,0.37070497630925187
233,2021_1111_1222,0.05
234,2021_1116_1222,0.2790160563231624
235,2021_1124_1222,0.504657844219947
236,2021_1140_1222,0.26499567906042054
237,2021_1155_1222,0.16784235905641895
238,2021_1156_1222,0.05
239,2021_1159_1222,0.08923696655386794
240,2021_1160_1222,0.2827557928851457
241,2021_1163_1222,0.28819510050762553
242,2021_1166_1222,0.27357472167386054
243,2021_1179_1222,0.14356551025737288
244,2021_1180_1222,0.05
245,2021_1186_1222,0.05970334107085943
246,2021_1196_1222,0.19270866501519746
247,2021_1199_1222,0.29242011655134376
248,2021_1207_1222,0.13503795765272822
249,2021_1210_1222,0.21226183883523014
250,2021_1211_1222,0.6467423873770365
251,2021_1213_1222,0.06195875069836113
252,2021_1216_1222,0.05
253,2021_1101_1228,0.07227484285251495
254,2021_1104_1228,0.32149449226153815
255,2021_1111_1228,0.05
256,2021_1116_1228,0.23738571460083938
257,2021_1124_1228,0.4503920896275292
258,2021_1140_1228,0.22480497512917505
259,2021_1155_1228,0.13958810645605907
260,2021_1156_1228,0.05
261,2021_1159_1228,0.0730533575229537
262,2021_1160_1228,0.2407537913346612
263,2021_1163_1228,0.24566185672842697
264,2021_1166_1228,0.23249444728307275
265,2021_1179_1228,0.1188144780460388
266,2021_1180_1228,0.05
267,2021_1186_1228,0.05
268,2021_1196_1228,0.16107873057801475
269,2021_1199_1228,0.24948187295611832
270,2021_1207_1228,0.11156558020962799
271,2021_1210_1228,0.17813072094755059
272,2021_1211_1228,0.5955679962533612
273,2021_1213_1228,0.05044817169093097
274,2021_1216_1228,0.05
275,2021_1222_1228,0.43013570329006534
276,2021_1101_1233,0.784589857492266
277,2021_1104_1233,0.95
278,2021_1111_1233,0.3858617273160862
279,2021_1116_1233,0.9357045309099014
280,2021_1124_1233,0.95
281,2021_1140_1233,0.9313104287510173
282,2021_1155_1233,0.8835166130304887
283,2021_1156_1233,0.5570182213181697
284,2021_1159_1233,0.7865360781721868
285,2021_1160_1233,0.9368094628916941
286,2021_1163_1233,0.938369791400942
287,2021_1166_1233,0.9340477947703293
288,2021_1179_1233,0.8630872291142392
289,2021_1180_1233,0.5643618534698552
290,2021_1186_1233,0.7048186644342581
291,2021_1196_1233,0.8997683249483546
292,2021_1199_1233,0.939545152837806
293,2021_1207_1233,0.8544612042340417
294,2021_1210_1233,0.9101782230004654
295,2021_1211_1233,0.95
296,2021_1213_1233,0.7129659998802979
297,2021_1216_1233,0.43303040094934103
298,2021_1222_1233,0.95
299,2021_1228_1233,0.95
300,2021_1101_1234,0.0874940055676966
301,2021_1104_1234,0.36835575216736344
302,2021_1111_1234,0.05
303,2021_1116_1234,0.27699212525418504
304,2021_1124_1234,0.5021370912122769
305,2021_1140_1234,0.2630363455959918
306,2021_1155_1234,0.16643869682750692
307,2021_1156_1234,0.05
308,2021_1159_1234,0.08842083027185722
309,2021_1160_1234,0.28071529650120924
310,2021_1163_1234,0.2861310106326183
311,2021_1166_1234,0.2715753935838455
312,2021_1179_1234,0.1423301496285456
313,2021_1180_1234,0.05
314,2021_1186_1234,0.059139771884484965
315,2021_1196_1234,0.19114481351463583
316,2021_1199_1234,0.290338109368336
317,2021_1207_1234,0.1338645060272444
318,2021_1210_1234,0.21058070164788198
319,2021_1211_1234,0.6444352496609178
320,2021_1213_1234,0.06137528123281445
321,2021_1216_1234,0.05
322,2021_1222_1234,0.4815927047590918
323,2021_1228_1234,0.5359518643772924
324,2021_1233_1234,0.05
325,2021_1101_1242,0.19968193370515894
326,2021_1104_1242,0.602780420723577
327,2021_1111_1242,0.05
328,2021_1116_1242,0.4992274686957018
329,2021_1124_1242,0.7240996609393735
330,2021_1140_1242,0.4815320433882251
331,2021_1155_1242,0.34192234637476465
332,2021_1156_1242,0.07930472530163771
333,2021_1159_1242,0.20153469612019784
334,2021_1160_1242,0.5038560821141741
335,2021_1163_1242,0.5105212559284653
336,2021_1166_1242,0.49242472316989205
337,2021_1179_1242,0.301591869074158
338,2021_1180_1242,0.08150912084307604
339,2021_1186_1242,0.1405716631622377
340,2021_1196_1242,0.3807779200904851
341,2021_1199_1242,0.5156444919480898
342,2021_1207_1242,0.2868213693349019
343,2021_1210_1242,0.40972852781703606
344,2021_1211_1242,0.8250592546479257
345,2021_1213_1242,0.14540960506296816
346,2021_1216_1242,0.05
347,2021_1222_1242,0.7073769515184815
348,2021_1228_1242,0.7503344790729003
349,2021_1233_1242,0.060399174640197645
350,2021_1234_1242,0.7094598102850703
351,2021_1101_1251,0.5374054984615645
352,2021_1104_1251,0.8760178960537921
353,2021_1111_1251,0.16694208510349054
354,2021_1116_1251,0.8227506090358402
355,2021_1124_1251,0.9243570976279809
356,2021_1140_1251,0.8121864289888091
357,2021_1155_1251,0.7075358575979518
358,2021_1156_1251,0.28625435776907976
359,2021_1159_1251,0.5402764362348895
360,2021_1160_1251,0.8254345397191102
361,2021_1163_1251,0.8292437108387548
362,2021_1166_1251,0.8187471221029627
363,2021_1179_1251,0.6678454820118914
364,2021_1180_1251,0.29238442308878837
365,2021_1186_1251,0.4323267059736512
366,2021_1196_1251,0.7411468486419635
367,2021_1199_1251,0.8321279212911801
368,2021_1207_1251,0.6518799934043297
369,2021_1210_1251,0.7637044986003494
370,2021_1211_1251,0.95
371,2021_1213_1251,0.4420411751119539
372,2021_1216_1251,0.19588525197098483
373,2021_1222_1251,0.9184045113808903
374,2021_1228_1251,0.9333037822880914
375,2021_1233_1251,0.2303574124939595
376,2021_1234_1251,0.9191569642860138
377,2021_1242_1251,0.8137565499908098
378,2021_1101_1260,0.15199401792231862
379,2021_1104_1260,0.5215617938232149
380,2021_1111_1260,0.05
381,2021_1116_1260,0.4173033788279738
382,2021_1124_1260,0.653424490042655
383,2021_1140_1260,0.40019119854771873
384,2021_1155_1260,0.2718013628115365
385,2021_1156_1260,0.05827201729100113
386,2021_1159_1260,0.15348916503325835
387,2021_1160_1260,0.4218122265679482
388,2021_1163_1260,0.4283290569787751
389,2021_1166_1260,0.41070142344251365
390,2021_1179_1260,0.23676605839378145
391,2021_1180_1260,0.05992983179527435
392,2021_1186_1260,0.10514577660396146
393,2021_1196_1260,0.3063985680555165
394,2021_1199_1260,0.4333577231135189
395,2021_1207_1260,0.22415145404597359
396,2021_1210_1260,0.33273279915113735
397,2021_1211_1260,0.7721066313032741
398,2021_1213_1260,0.10891901173191763
399,2021_1216_1260,0.05
400,2021_1222_1260,0.6345798581546044
401,2021_1228_1260,0.6834416957999199
402,2021_1233_1260,0.05
403,2021_1234_1260,0.6369149146603343
404,2021_1242_1260,0.40267248235551656
405,2021_1251_1260,0.12647108103209087
406,2021_1101_1261,0.22913835884425232
407,2021_1104_1261,0.6438615888800884
408,2021_1111_1261,0.05
409,2021_1116_1261,0.5428968939363543
410,2021_1124_1261,0.7576777833150783
411,2021_1140_1261,0.525277212686983
412,2021_1155_1261,0.3823374402876783
413,2021_1156_1261,0.09306852581097205
414,2021_1159_1261,0.23118548346841866
415,2021_1160_1261,0.5474877372941699
416,2021_1163_1261,0.5540855065312158
417,2021_1166_1261,0.5361361706973734
418,2021_1179_1261,0.3397006726171412
419,2021_1180_1261,0.09561577494974367
420,2021_1186_1261,0.16308520677535632
421,2021_1196_1261,0.422834770647608
422,2021_1199_1261,0.5591465184138783
423,2021_1207_1261,0.323929438776886
424,2021_1210_1261,0.45264555973229625
425,2021_1211_1261,0.8489139719638045
426,2021_1213_1261,0.1685460240040743
427,2021_1216_1261,0.058673719409895166
428,2021_1222_1261,0.7422658814241293
429,2021_1228_1261,0.781682383561011
430,2021_1233_1261,0.07113531757044722
431,2021_1234_1261,0.7441902105815833
432,2021_1242_1261,0.5278515385860865
433,2021_1251_1261,0.19361901449978955
434,2021_1260_1261,0.6088032840847726
435,2021_1101_1268,0.2483938577400669
436,2021_1104_1268,0.6677775659998926
437,2021_1111_1268,0.05393380442085211
438,2021_1116_1268,0.5690549752039027
439,2021_1124_1268,0.7766025052914806
440,2021_1140_1268,0.5516108192276207
441,2021_1155_1268,0.4076587106956846
442,2021_1156_1268,0.10240855420287981
443,2021_1159_1268,0.2505570957914801
444,2021_1160_1268,0.5735894493654828
445,2021_1163_1268,0.5800985305127616
446,2021_1166_1268,0.5623692683795305
447,2021_1179_1268,0.36386165764428724
448,2021_1180_1268,0.1051817891203044
449,2021_1186_1268,0.17807221301365042
450,2021_1196_1268,0.44888889673363264
451,2021_1199_1268,0.585085386064754
452,2021_1207_1268,0.3475591398029104
453,2021_1210_1268,0.4790120659694618
454,2021_1211_1268,0.8620110564146113
455,2021_1213_1268,0.18392457678235483
456,2021_1216_1268,0.06480866549147751
457,2021_1222_1268,0.7620161766777461
458,2021_1228_1268,0.7992291701922165
459,2021_1233_1268,0.07846464180549662
460,2021_1234_1268,0.763839960276745
461,2021_1242_1268,0.5541635483656048
462,2021_1251_1268,0.21070553835591363
463,2021_1260_1268,0.633734295534566
464,2021_1261_1268,0.510600187860357
465,2021_1101_1276,0.1024146963799506
466,2021_1104_1276,0.4096697651321191
467,2021_1111_1276,0.05
468,2021_1116_1276,0.3131390335610675
469,2021_1124_1276,0.5454975099629075
470,2021_1140_1276,0.29811297656968966
471,2021_1155_1276,0.19198959427361678
472,2021_1156_1276,0.05
473,2021_1159_1276,0.10348165204363155
474,2021_1160_1276,0.3171349542031713
475,2021_1163_1276,0.3229378369253745
476,2021_1166_1276,0.30731588693269285
477,2021_1179_1276,0.1649122289341906
478,2021_1180_1276,0.05
479,2021_1186_1276,0.06959388272771927
480,2021_1196_1276,0.21948978397333932
481,2021_1199_1276,0.32743788984265854
482,2021_1207_1276,0.15534670904757894
483,2021_1210_1276,0.24094926666162747
484,2021_1211_1276,0.6832208704618954
485,2021_1213_1276,0.07219423980968576
486,2021_1216_1276,0.05
487,2021_1222_1276,0.5250499997574961
488,2021_1228_1276,0.5788373680826188
489,2021_1233_1276,0.05
490,2021_1234_1276,0.5275638907882987
491,2021_1242_1276,0.30027819977034664
492,2021_1251_1276,0.08438865724044178
493,2021_1260_1276,0.37397288575477106
494,2021_1261_1276,0.2648182478155771
495,2021_1268_1276,0.244704057881787
496,2021_1101_1277,0.3691702037945675
497,2021_1104_1277,0.7806689467137763
498,2021_1111_1277,0.09169298490826547
499,2021_1116_1277,0.7004444193118804
500,2021_1124_1277,0.8602531931016515
501,2021_1140_1277,0.6853782430846374
502,2021_1155_1277,0.5492809548154932
503,2021_1156_1277,0.16807580373602904
504,2021_1159_1277,0.37186486788518475
505,2021_1160_1277,0.7043147502778737
506,2021_1163_1277,0.7098377975437514
507,2021_1166_1277,0.6947035087040757
508,2021_1179_1277,0.5031940058512575
509,2021_1180_1277,0.17228598810684054
510,2021_1186_1277,0.2772698173151841
511,2021_1196_1277,0.5905543511799516
512,2021_1199_1277,0.7140433744221343
513,2021_1207_1277,0.48541235609314576
514,2021_1210_1277,0.6194978557337432
515,2021_1211_1277,0.9170947996367576
516,2021_1213_1277,0.28525088657595504
517,2021_1216_1277,0.10930174989572684
518,2021_1222_1277,0.8500742599192296
519,2021_1228_1277,0.8757627460773932
520,2021_1233_1277,0.13101949937306312
521,2021_1234_1277,0.8513548505196806
522,2021_1242_1277,0.6876007172853951
523,2021_1251_1277,0.3209827101748761
524,2021_1260_1277,0.7539310724876345
525,2021_1261_1277,0.6488129848348223
526,2021_1268_1277,0.6242998780819838
527,2021_1276_1277,0.8279717990665655
528,2021_1101_1281,0.3376490309891724
529,2021_1104_1281,0.7561264240052905
530,2021_1111_1281,0.08082821974415139
531,2021_1116_1281,0.670711481825026
532,2021_1124_1281,0.8428229710822901
533,2021_1140_1281,0.6548866878555905
534,2021_1155_1281,0.5149344521829813
535,2021_1156_1281,0.14965156016133024
536,2021_1159_1281,0.34023770823861527
537,2021_1160_1281,0.6747876077477551
538,2021_1163_1281,0.6806120818544515
539,2021_1166_1281,0.6646735409510028
540,2021_1179_1281,0.4687323296204874
541,2021_1180_1281,0.1534853766817915
542,2021_1186_1281,0.2504797683746541
543,2021_1196_1281,0.5568153573388088
544,2021_1199_1281,0.6850533091020071
545,2021_1207_1281,0.45106280747609784
546,2021_1210_1281,0.5864738016461917
547,2021_1211_1281,0.9059794081849838
548,2021_1213_1281,0.2579649429687089
549,2021_1216_1281,0.09657234661980234
550,2021_1222_1281,0.8316229447837626
551,2021_1228_1281,0.8599520589046983
552,2021_1233_1281,0.11609047943981139
553,2021_1234_1281,0.8330301814426084
554,2021_1242_1281,0.6572168279994879
555,2021_1251_1281,0.2916736010266876
556,2021_1260_1281,0.7274412314868088
557,2021_1261_1281,0.6167592399331476
558,2021_1268_1281,0.5914177187348901
559,2021_1276_1281,0.8074165863229691
560,2021_1277_1281,0.44977266285351564
561,2021_1101_1287,0.6667431430607774
562,2021_1104_1287,0.9240603591538454
563,2021_1111_1287,0.25657117333807733
564,2021_1116_1287,0.8888141149913082
565,2021_1124_1287,0.95
566,2021_1140_1287,0.8816208374386193
567,2021_1155_1287,0.8064389953759847
568,2021_1156_1287,0.4085273458035873
569,2021_1159_1287,0.6693053291175783
570,2021_1160_1287,0.8906306811330387
571,2021_1163_1287,0.8932012830335835
572,2021_1166_1287,0.886096209111858
573,2021_1179_1287,0.7759199209075576
574,2021_1180_1287,0.4157506348254615
575,2021_1186_1287,0.5673935618435304
576,2021_1196_1287,0.8313923131456477
577,2021_1199_1287,0.8951418025625206
578,2021_1207_1287,0.7633081079202616
579,2021_1210_1287,0.8477016172141526
580,2021_1211_1287,0.95
581,2021_1213_1287,0.5770578578250217
582,2021_1216_1287,0.29554077005774715
583,2021_1222_1287,0.95
584,2021_1228_1287,0.95
585,2021_1233_1287,0.3401322587035747
586,2021_1234_1287,0.95
587,2021_1242_1287,0.882694325585206
588,2021_1251_1287,0.6177503087191372
589,2021_1260_1287,0.9128514395868159
590,2021_1261_1287,0.863314368102113
591,2021_1268_1287,0.8503195063565315
592,2021_1276_1287,0.9427077150850183
593,2021_1277_1287,0.7623652003350946
594,2021_1281_1287,0.7864571905387828
595,2021_1101_1291,0.855132564734681
596,2021_1104_1291,0.95
597,2021_1111_1291,0.5045196633294076
598,2021_1116_1291,0.95
599,2021_1124_1291,0.95
600,2021_1140_1291,0.95
601,2021_1155_1291,0.9247690695312549
602,2021_1156_1291,0.6708185307831841
603,2021_1159_1291,0.8565579583608168
604,2021_1160_1291,0.95
605,2021_1163_1291,0.95
606,2021_1166_1291,0.95
607,2021_1179_1291,0.9108446425899197
608,2021_1180_1291,0.6773683251382864
609,2021_1186_1291,0.7946475406072753
610,2021_1196_1291,0.9356842310992831
611,2021_1199_1291,0.95
612,2021_1207_1291,0.9048959641393598
613,2021_1210_1291,0.9426019168966856
614,2021_1211_1291,0.95
615,2021_1213_1291,0.8010154767628096
616,2021_1216_1291,0.5531292787952411
617,2021_1222_1291,0.95
618,2021_1228_1291,0.95
619,2021_1233_1291,0.6033016590000703
620,2021_1234_1291,0.95
621,2021_1242_1291,0.95
622,2021_1251_1291,0.8266339018564807
623,2021_1260_1291,0.95
624,2021_1261_1291,0.9490705280559263
625,2021_1268_1291,0.943696890705248
626,2021_1276_1291,0.95
627,2021_1277_1291,0.9044464902073701
628,2021_1281_1291,0.9157262501810187
629,2021_1287_1291,0.7346544087122543
630,2021_1101_1313,0.8349859997040195
631,2021_1104_1313,0.95
632,2021_1111_1313,0.46605886929719104
633,2021_1116_1313,0.95
634,2021_1124_1313,0.95
635,2021_1140_1313,0.9495862616867121
636,2021_1155_1313,0.9133251994550828
637,2021_1156_1313,0.6359518459246412
638,2021_1159_1313,0.8365717370971382
639,2021_1160_1313,0.95
640,2021_1163_1313,0.95
641,2021_1166_1313,0.95
642,2021_1179_1313,0.8975173678232187
643,2021_1180_1313,0.642826006498777
644,2021_1186_1313,0.7683678564169192
645,2021_1196_1313,0.9257674569806289
646,2021_1199_1313,0.95
647,2021_1207_1313,0.8907860810789163
648,2021_1210_1313,0.9336761671383911
649,2021_1211_1313,0.95
650,2021_1213_1313,0.775320306343101
651,2021_1216_1313,0.514813071750838
652,2021_1222_1313,0.95
653,2021_1228_1313,0.95
654,2021_1233_1313,0.5659112870741975
655,2021_1234_1313,0.95
656,2021_1242_1313,0.95
657,2021_1251_1313,0.8034350758469442
658,2021_1260_1313,0.95
659,2021_1261_1313,0.9410878177352675
660,2021_1268_1313,0.9349296614654968
661,2021_1276_1313,0.95
662,2021_1277_1313,0.8902780078397649
663,2021_1281_1313,0.9030510258671093
664,2021_1287_1313,0.7035612507351107
665,2021_1291_1313,0.4458057954623607
666,2021_1101_1314,0.21863350941511162
667,2021_1104_1314,0.6298794715593607
668,2021_1111_1314,0.05
669,2021_1116_1314,0.5278575941311131
670,2021_1124_1314,0.7464041488683139
671,2021_1140_1314,0.5101812355045753
672,2021_1155_1314,0.36816356037964676
673,2021_1156_1314,0.08808894751212298
674,2021_1159_1314,0.22061364274753173
675,2021_1160_1314,0.5324694059113025
676,2021_1163_1314,0.5391018073029173
677,2021_1166_1314,0.5210706619795148
678,2021_1179_1314,0.32627246790489506
679,2021_1180_1314,0.09051350945698315
680,2021_1186_1314,0.1549996729749361
681,2021_1196_1314,0.40815164936426185
682,2021_1199_1314,0.544192983016535
683,2021_1207_1314,0.31083118848427826
684,2021_1210_1314,0.43771231835130336
685,2021_1211_1314,0.8409941765459487
686,2021_1213_1314,0.16024158831706276
687,2021_1216_1314,0.05542195767114407
688,2021_1222_1314,0.730530241300821
689,2021_1228_1314,0.7711882674404662
690,2021_1233_1314,0.06724225494643654
691,2021_1234_1314,0.7325106163707017
692,2021_1242_1314,0.5127614895895103
693,2021_1251_1314,0.18435311816981317
694,2021_1260_1314,0.5943120162916381
695,2021_1261_1314,0.4690288220813097
696,2021_1268_1314,0.44274484286138405
697,2021_1276_1314,0.6970842415349099
698,2021_1277_1314,0.30971583709495215
699,2021_1281_1314,0.3399677759728475
700,2021_1287_1314,0.11601529141040984
701,2021_1291_1314,0.05
702,2021_1313_1314,0.05
703,2021_1101_1317,0.43675274206833203
704,2021_1104_1317,0.8250575011268377
705,2021_1111_1317,0.11797894444321831
706,2021_1116_1317,0.755994226256946
707,2021_1124_1317,0.8907885630661528
708,2021_1140_1317,0.7426956154230758
709,2021_1155_1317,0.6175572230092088
710,2021_1156_1317,0.21116798675076412
711,2021_1159_1317,0.43959694802226823
712,2021_1160_1317,0.7593933800604948
713,2021_1163_1317,0.7642320141113259
714,2021_1166_1317,0.7509393694925794
715,2021_1179_1317,0.5730247862147708
716,2021_1180_1317,0.21617710902202533
717,2021_1186_1317,0.3370165367207683
718,2021_1196_1317,0.6564884391390833
719,2021_1199_1317,0.7679069823798254
720,2021_1207_1317,0.5555348443353604
721,2021_1210_1317,0.6832708262808427
722,2021_1211_1317,0.9361321093526158
723,2021_1213_1317,0.345894308924128
724,2021_1216_1317,0.13985840664472218
725,2021_1222_1317,0.8825300638065648
726,2021_1228_1317,0.9032901841757814
727,2021_1233_1317,0.16651258477824066
728,2021_1234_1317,0.8835714021921578
729,2021_1242_1317,0.7446640420243018
730,2021_1251_1317,0.3851293851182391
731,2021_1260_1317,0.8023609322064849
732,2021_1261_1317,0.7099729011957001
733,2021_1268_1317,0.687673782359292
734,2021_1276_1317,0.8644493664406637
735,2021_1277_1317,0.5542475904315791
736,2021_1281_1317,0.588037437520652
737,2021_1287_1317,0.26670169434112956
738,2021_1291_1317,0.10974310175380476
739,2021_1313_1317,0.12572311994984545
740,2021_1314_1317,0.7222634555268976
741,2021_1101_1325,0.454259387820354
742,2021_1104_1325,0.8350531127032139
743,2021_1111_1325,0.12555629520624587
744,2021_1116_1325,0.768830250003073
745,2021_1124_1325,0.8974951285232913
746,2021_1140_1325,0.7560054313378832
747,2021_1155_1325,0.6341515431012118
748,2021_1156_1325,0.2232158345730504
749,2021_1159_1325,0.4571250738317254
750,2021_1160_1325,0.772104493618954
751,2021_1163_1325,0.7767626501176709
752,2021_1166_1325,0.7639582809229402
753,2021_1179_1325,0.5902693758072147
754,2021_1180_1325,0.22842798662545705
755,2021_1186_1325,0.35303111964140776
756,2021_1196_1325,0.6722899242655805
757,2021_1199_1325,0.7802984505642447
758,2021_1207_1325,0.572959391839897
759,2021_1210_1325,0.698406305137405
760,2021_1211_1325,0.9402409726447257
761,2021_1213_1325,0.3621003454474312
762,2021_1216_1325,0.14860423782911403
763,2021_1222_1325,0.8896809683335344
764,2021_1228_1325,0.9093071997058335
765,2021_1233_1325,0.17658301245365413
766,2021_1234_1325,0.890666769173613
767,2021_1242_1325,0.757905226231768
768,2021_1251_1325,0.4020438030496369
769,2021_1260_1325,0.8133599916540628
770,2021_1261_1325,0.7243471541407968
771,2021_1268_1325,0.7026904101003969
772,2021_1276_1325,0.8725419616985023
773,2021_1277_1325,0.5716836944569276
774,2021_1281_1325,0.6050935568510102
775,2021_1287_1325,0.2807901195141465
776,2021_1291_1325,0.1168615780030448
777,2021_1313_1325,0.1337224431260156
778,2021_1314_1325,0.7362548546531245
779,2021_1317_1325,0.5018242646879357
780,2021_1101_1326,0.12762605598562005
781,2021_1104_1326,0.47084152419961867
782,2021_1111_1326,0.05
783,2021_1116_1326,0.36890429363530153
784,2021_1124_1326,0.6061265605610504
785,2021_1140_1326,0.35257591073094185
786,2021_1155_1326,0.23351488809151819
787,2021_1156_1326,0.05
788,2021_1159_1326,0.1289179394141171
789,2021_1160_1326,0.37322515204508344
790,2021_1163_1326,0.379484008895635
791,2021_1166_1326,0.3625915695882439
792,2021_1179_1326,0.2020454249652654
793,2021_1180_1326,0.05
794,2021_1186_1326,0.08751350342981863
795,2021_1196_1326,0.2650122431880984
796,2021_1199_1326,0.3843247456979148
797,2021_1207_1326,0.19081820154783874
798,2021_1210_1326,0.2892729211965135
799,2021_1211_1326,0.7344224920266994
800,2021_1213_1326,0.09071813758142588
801,2021_1216_1326,0.05
802,2021_1222_1326,0.5863382628515365
803,2021_1228_1326,0.6379706098738681
804,2021_1233_1326,0.05
805,2021_1234_1326,0.5887818241601601
806,2021_1242_1326,0.35493666823088194
807,2021_1251_1326,0.10568504134599724
808,2021_1260_1326,0.4337306662025504
809,2021_1261_1326,0.3159364593972252
810,2021_1268_1326,0.29348958892991817
811,2021_1276_1326,0.5461149099748689
812,2021_1277_1326,0.19001475660923614
813,2021_1281_1326,0.2121684112845077
814,2021_1287_1326,0.0642128961092795
815,2021_1291_1326,0.05
816,2021_1313_1326,0.05
817,2021_1314_1326,0.3291470952648152
818,2021_1317_1326,0.15041611805628144
819,2021_1325_1326,0.1415813846349159
820,2021_1101_1328,0.2983290944488116
821,2021_1104_1328,0.7211312555650817
822,2021_1111_1328,0.06833026835369563
823,2021_1116_1328,0.6294658657830031
824,2021_1124_1328,0.8172618827395188
825,2021_1140_1328,0.6128031971083784
826,2021_1155_1328,0.4696067424862028
827,2021_1156_1328,0.12799374307757608
828,2021_1159_1328,0.30075319710999054
829,2021_1160_1328,0.6337737735022432
830,2021_1163_1328,0.639940848839413
831,2021_1166_1328,0.6230966274536355
832,2021_1179_1328,0.4239173127616891
833,2021_1180_1328,0.13135843231332953
834,2021_1186_1328,0.21797031062529001
835,2021_1196_1328,0.5116899999375155
836,2021_1199_1328,0.6446523528916077
837,2021_1207_1328,0.40664407808402436
838,2021_1210_1328,0.5418837306996918
839,2021_1211_1328,0.8893406787204563
840,2021_1213_1328,0.2247753365235488
841,2021_1216_1328,0.08185677799191861
842,2021_1222_1328,0.8046625815944303
843,2021_1228_1328,0.8366366709001268
844,2021_1233_1328,0.09872577533960791
845,2021_1234_1328,0.8062426456866462
846,2021_1242_1328,0.6152505433936979
847,2021_1251_1328,0.2556411930548541
848,2021_1260_1328,0.6900173203752692
849,2021_1261_1328,0.5730574824451077
850,2021_1268_1328,0.5469489273214183
851,2021_1276_1328,0.7776167743798765
852,2021_1277_1328,0.405387157173647
853,2021_1281_1328,0.43904034980385837
854,2021_1287_1328,0.16626432223887747
855,2021_1291_1328,0.06331150752037307
856,2021_1313_1328,0.07308553062364861
857,2021_1314_1328,0.5877813693975954
858,2021_1317_1328,0.3397306485298285
859,2021_1325_1328,0.3240172439696726
860,2021_1326_1328,0.73170049658865
861,2021_1101_1329,0.24727058102806432
862,2021_1104_1329,0.6664393888851153
863,2021_1111_1329,0.053627163341384135
864,2021_1116_1329,0.5675766486571588
865,2021_1124_1329,0.77555534039229
866,2021_1140_1329,0.5501199604274929
867,2021_1155_1329,0.40620445533281563
868,2021_1156_1329,0.1018559817513965
869,2021_1159_1329,0.24942728298499536
870,2021_1160_1329,0.5721149817184652
871,2021_1163_1329,0.5786300359148661
872,2021_1166_1329,0.5608857047825088
873,2021_1179_1329,0.36246803475344713
874,2021_1180_1329,0.10461599699649228
875,2021_1186_1329,0.17719197181937393
876,2021_1196_1329,0.44739865124228023
877,2021_1199_1329,0.5836218135917709
878,2021_1207_1329,0.34619397637912475
879,2021_1210_1329,0.47750846455720103
880,2021_1211_1329,0.8612927345949057
881,2021_1213_1329,0.18302184814338032
882,2021_1216_1329,0.06444440699476371
883,2021_1222_1329,0.7609216877181514
884,2021_1228_1329,0.7982605149189251
885,2021_1233_1329,0.07803003373861879
886,2021_1234_1329,0.7627512474866661
887,2021_1242_1329,0.5526742941982794
888,2021_1251_1329,0.20970514195619006
889,2021_1260_1329,0.6323344919148699
890,2021_1261_1329,0.5090943228665338
891,2021_1268_1329,0.4826058284697985
892,2021_1276_1329,0.7298528934483541
893,2021_1277_1329,0.3450152584106569
894,2021_1281_1329,0.37683286483658707
895,2021_1287_1329,0.1335078310600395
896,2021_1291_1329,0.05
897,2021_1313_1329,0.05742226739498111
898,2021_1314_1329,0.5241925570066471
899,2021_1317_1329,0.28445893103649295
900,2021_1325_1329,0.27025559727139137
901,2021_1326_1329,0.6781563559173281
902,2021_1328_1329,0.4203018693313706
903,2021_1101_1331,0.7347782498857617
904,2021_1104_1331,0.9439775408466208
905,2021_1111_1331,0.32336379200931126
906,2021_1116_1331,0.9171466965836366
907,2021_1124_1331,0.95
908,2021_1140_1331,0.9116041235561946
909,2021_1155_1331,0.8522737225532779
910,2021_1156_1331,0.4888654768254535
911,2021_1159_1331,0.737023671296796
912,2021_1160_1331,0.918542785648015
913,2021_1163_1331,0.9205158934968041
914,2021_1166_1331,0.9150551815501689
915,2021_1179_1331,0.827435056947804
916,2021_1180_1331,0.4963172910929641
917,2021_1186_1331,0.6449091815001412
918,2021_1196_1331,0.872254171116347
919,2021_1199_1331,0.9220034483373603
920,2021_1207_1331,0.8170389738194259
921,2021_1210_1331,0.8851569139780862
922,2021_1211_1331,0.95
923,2021_1213_1331,0.653898099166973
924,2021_1216_1331,0.36746382787041426
925,2021_1222_1331,0.95
926,2021_1228_1331,0.95
927,2021_1233_1331,0.4164913106023503
928,2021_1234_1331,0.95
929,2021_1242_1331,0.9124327227635701
930,2021_1251_1331,0.6911543316544368
931,2021_1260_1331,0.9355032652183021
932,2021_1261_1331,0.8973947191080422
933,2021_1268_1331,0.8872166347481572
934,2021_1276_1331,0.95
935,2021_1277_1331,0.8162585885993778
936,2021_1281_1331,0.8360616765034306
937,2021_1287_1331,0.5651112018369109
938,2021_1291_1331,0.30576070773945085
939,2021_1313_1331,0.3394018013120781
940,2021_1314_1331,0.9028298860985766
941,2021_1317_1331,0.7702591345702778
942,2021_1325_1331,0.7574774240870592
943,2021_1326_1331,0.9467247803590121
944,2021_1328_1331,0.8594453416288976
945,2021_1329_1331,0.8878181908008719
946,2021_1101_1332,0.2726654565775037
947,2021_1104_1332,0.6951284890058907
948,2021_1111_1332,0.06073946755461064
949,2021_1116_1332,0.599660902968828
950,2021_1124_1332,0.797708232261593
951,2021_1140_1332,0.5825468000050308
952,2021_1155_1332,0.43841510792200983
953,2021_1156_1332,0.11459014219712439
954,2021_1159_1332,0.2749627441010501
955,2021_1160_1332,0.6040973864430907
956,2021_1163_1332,0.6104570399393925
957,2021_1166_1332,0.5931105077980156
958,2021_1179_1332,0.3935088831562656
959,2021_1180_1332,0.11765001765625255
960,2021_1186_1332,0.19727595002136594
961,2021_1196_1332,0.48023402344062044
962,2021_1199_1332,0.615322436622736
963,2021_1207_1332,0.37666455862971565
964,2021_1210_1332,0.510512148364028
965,2021_1211_1332,0.8763326459967496
966,2021_1213_1332,0.20360310626347158
967,2021_1216_1332,0.07288086601681545
968,2021_1222_1332,0.7841168846717375
969,2021_1228_1332,0.8186962752129398
970,2021_1233_1332,0.08807755937836395
971,2021_1234_1332,0.785818904608044
972,2021_1242_1332,0.5850558932898332
973,2021_1251_1332,0.23243331979057988
974,2021_1260_1332,0.6624712841745298
975,2021_1261_1332,0.5420164267315163
976,2021_1268_1332,0.5156141496398309
977,2021_1276_1332,0.7550921977916335
978,2021_1277_1332,0.37544166980144394
979,2021_1281_1332,0.4083160033770081
980,2021_1287_1332,0.1495402817975631
981,2021_1291_1332,0.05624458211614087
982,2021_1313_1332,0.06500332556171134
983,2021_1314_1332,0.556983237855302
984,2021_1317_1332,0.31208956786932274
985,2021_1325_1332,0.2970794028220947
986,2021_1326_1332,0.7062818432364991
987,2021_1328_1332,0.45277800112380967
988,2021_1329_1332,0.5171189848461643
989,2021_1331_1332,0.1126731366165248
990,2021_1101_1333,0.48272717040414015
991,2021_1104_1333,0.8502073684309466
992,2021_1111_1333,0.13865848642863368
993,2021_1116_1333,0.7885278662326418
994,2021_1124_1333,0.9075477566182715
995,2021_1140_1333,0.7764781259202291
996,2021_1155_1333,0.6602537812303555
997,2021_1156_1333,0.24366929493184294
998,2021_1159_1333,0.48561264289802536
999,2021_1160_1333,0.7915987413000791
1000,2021_1163_1333,0.7959637347610434
1001,2021_1166_1333,0.7839543753991407
1002,2021_1179_1333,0.6176146074855389
1003,2021_1180_1333,0.2492058205595552
1004,2021_1186_1333,0.3795672602124669
1005,2021_1196_1333,0.6969713558897597
1006,2021_1199_1333,0.7992740030712164
1007,2021_1207_1333,0.6006783415619021
1008,2021_1210_1333,0.7219343358495788
1009,2021_1211_1333,0.9463521079129379
1010,2021_1213_1333,0.3889084009726383
1011,2021_1216_1333,0.1636614091978723
1012,2021_1222_1333,0.9004148977678157
1013,2021_1228_1333,0.9183068630642564
1014,2021_1233_1333,0.19382970319896461
1015,2021_1234_1333,0.9013154204758239
1016,2021_1242_1333,0.7782652690474439
1017,2021_1251_1333,0.42981650150122774
1018,2021_1260_1333,0.830101774725112
1019,2021_1261_1333,0.7465857730703253
1020,2021_1268_1333,0.7260153394693395
1021,2021_1276_1333,0.8847274334361842
1022,2021_1277_1333,0.5994275577396452
1023,2021_1281_1333,0.6320661288029611
1024,2021_1287_1333,0.3044514590450548
1025,2021_1291_1333,0.12919049612798159
1026,2021_1313_1333,0.14753302346190936
1027,2021_1314_1333,0.757853952773215
1028,2021_1317_1333,0.530375968594855
1029,2021_1325_1333,0.5126916792814397
1030,2021_1326_1333,0.8568556395322413
1031,2021_1328_1333,0.6731725834509606
1032,2021_1329_1333,0.727212340437295
1033,2021_1331_1333,0.24017865715785933
1034,2021_1332_1333,0.7002404528197586
1035,2021_1101_1345,0.17668402321624296
1036,2021_1104_1345,0.5662015590140054
1037,2021_1111_1345,0.05
1038,2021_1116_1345,0.4616296481267146
1039,2021_1124_1345,0.6930028582022547
1040,2021_1140_1345,0.4440850819568286
1041,2021_1155_1345,0.30886456464029743
1042,2021_1156_1345,0.068976089542838
1043,2021_1159_1345,0.1783709567500485
1044,2021_1160_1345,0.46623421926146363
1045,2021_1163_1345,0.47287605343735595
1046,2021_1166_1345,0.45487386043248595
1047,2021_1179_1345,0.27082861233046934
1048,2021_1180_1345,0.07091549849333592
1049,2021_1186_1345,0.12333251732540275
1050,2021_1196_1345,0.3459382891545648
1051,2021_1199_1345,0.4779904227387079
1052,2021_1207_1345,0.25701031387959006
1053,2021_1210_1345,0.3738392160404848
1054,2021_1211_1345,0.8022337504110985
1055,2021_1213_1345,0.12766528705739752
1056,2021_1216_1345,0.05
1057,2021_1222_1345,0.6752406715548821
1058,2021_1228_1345,0.7210555120972924
1059,2021_1233_1345,0.052392678957780305
1060,2021_1234_1345,0.677447970085486
1061,2021_1242_1345,0.4466358653345904
1062,2021_1251_1345,0.1477374230390117
1063,2021_1260_1345,0.5290897244817088
1064,2021_1261_1345,0.4038682041139816
1065,2021_1268_1345,0.3786318786745291
1066,2021_1276_1345,0.6383296924896086
1067,2021_1277_1345,0.2560163441445183
1068,2021_1281_1345,0.28317483280010425
1069,2021_1287_1345,0.09145084153382581
1070,2021_1291_1345,0.05
1071,2021_1313_1345,0.05
1072,2021_1314_1345,0.4185061934777394
1073,2021_1317_1345,0.20616405417632927
1074,2021_1325_1345,0.19480574834677591
1075,2021_1326_1345,0.5792164178193574
1076,2021_1328_1345,0.3214123450978405
1077,2021_1329_1345,0.3800506010060112
1078,2021_1331_1345,0.06776377019748608
1079,2021_1332_1345,0.34945966762305286
1080,2021_1333_1345,0.17749133127974556
1081,2021_1101_1353,0.26165863261915195
1082,2021_1104_1353,0.6830841276672486
1083,2021_1111_1353,0.057609957388877864
1084,2021_1116_1353,0.5860907234892725
1085,2021_1124_1353,0.788483294498746
1086,2021_1140_1353,0.568813638288233
1087,2021_1155_1353,0.4246235837167066
1088,2021_1156_1353,0.1090080664168508
1089,2021_1159_1353,0.2638968314461125
1090,2021_1160_1353,0.5905749140624889
1091,2021_1163_1353,0.5970068804151616
1092,2021_1166_1353,0.5794739999117052
1093,2021_1179_1353,0.3801736920605635
1094,2021_1180_1353,0.11193772941830439
1095,2021_1186_1353,0.188523598833859
1096,2021_1196_1353,0.4662191025559631
1097,2021_1199_1353,0.6019307244339597
1098,2021_1207_1353,0.36355801192907283
1099,2021_1210_1353,0.4964576023369596
1100,2021_1211_1353,0.8701093331343589
1101,2021_1213_1353,0.1946381087718856
1102,2021_1216_1353,0.06917185838667732
1103,2021_1222_1353,0.7744473997305316
1104,2021_1228_1353,0.8102007137378593
1105,2021_1233_1353,0.08366496241144955
1106,2021_1234_1353,0.77620389566933
1107,2021_1242_1353,0.5713445369148727
1108,2021_1251_1353,0.2225536250645837
1109,2021_1260_1353,0.649786755891176
1110,2021_1261_1353,0.5280301737114627
1111,2021_1268_1353,0.5015630686214642
1112,2021_1276_1353,0.7445462159168975
1113,2021_1277_1353,0.36235293909525573
1114,2021_1281_1353,0.3948056736887304
1115,2021_1287_1353,0.14252973389152226
1116,2021_1291_1353,0.053333513820782656
1117,2021_1313_1353,0.06166855049568235
1118,2021_1314_1353,0.543068734873468
1119,2021_1317_1353,0.30014803339924256
1120,2021_1325_1353,0.2854738626406023
1121,2021_1326_1353,0.6944844499132867
1122,2021_1328_1353,0.4388877608891938
1123,2021_1329_1353,0.503069485599442
1124,2021_1331_1353,0.10717314118830615
1125,2021_1332_1353,0.4700848744467332
1126,2021_1333_1353,0.2627303073131326
1127,2021_1345_1353,0.6077901341743598
1128,2021_1101_1361,0.19459050385122134
1129,2021_1104_1361,0.5950528728411368
1130,2021_1111_1361,0.05
1131,2021_1116_1361,0.49118587968224636
1132,2021_1124_1361,0.7176266506929623
1133,2021_1140_1361,0.47350597446374304
1134,2021_1155_1361,0.3347209690757066
1135,2021_1156_1361,0.07698737894268706
1136,2021_1159_1361,0.19640761863758152
1137,2021_1160_1361,0.4958137548084072
1138,2021_1163_1361,0.5024802873100608
1139,2021_1166_1361,0.4843867197006674
1140,2021_1179_1361,0.2948593181783313
1141,2021_1180_1361,0.07913289665258759
1142,2021_1186_1361,0.13672991653079258
1143,2021_1196_1361,0.37322231010471923
1144,2021_1199_1361,0.507606511803073
1145,2021_1207_1361,0.28028621921086694
1146,2021_1210_1361,0.4019713736693676
1147,2021_1211_1361,0.8203672891572406
1148,2021_1213_1361,0.14145740256717057
1149,2021_1216_1361,0.05
1150,2021_1222_1361,0.7006737866394627
1151,2021_1228_1361,0.7442595877992139
1152,2021_1233_1361,0.05859910272068125
1153,2021_1234_1361,0.7027843106771235
1154,2021_1242_1361,0.4760810263010144
1155,2021_1251_1361,0.16329208609246315
1156,2021_1260_1361,0.5584845853874858
1157,2021_1261_1361,0.4326985446755223
1158,2021_1268_1361,0.4068903322146734
1159,2021_1276_1361,0.6652202862530299
1160,2021_1277_1361,0.2792360627503987
1161,2021_1281_1361,0.30783853574033115
1162,2021_1287_1361,0.1017870963595257
1163,2021_1291_1361,0.05
1164,2021_1313_1361,0.05
1165,2021_1314_1361,0.44759689613440745
1166,2021_1317_1361,0.22623727048035658
1167,2021_1325_1361,0.2140712860897126
1168,2021_1326_1361,0.6078017182942045
1169,2021_1328_1361,0.34779058589151435
1170,2021_1329_1361,0.40834535446653564
1171,2021_1331_1361,0.07564569416688385
1172,2021_1332_1361,0.376861394258829
1173,2021_1333_1361,0.19546020631213215
1174,2021_1345_1361,0.5137327105766512
1175,2021_1353_1361,0.39015353407441633
1176,2021_1101_1364,0.42085845639546493
1177,2021_1104_1364,0.8154917132016112
1178,2021_1111_1364,0.11139121486178653
1179,2021_1116_1364,0.7438246201298686
1180,2021_1124_1364,0.8843129635303772
1181,2021_1140_1364,0.7300995434335311
1182,2021_1155_1364,0.6021170120005217
1183,2021_1156_1364,0.2005599594020934
1184,2021_1159_1364,0.423677013955967
1185,2021_1160_1364,0.7473366449209426
1186,2021_1163_1364,0.7523386671891023
1187,2021_1166_1364,0.7386048256123425
1188,2021_1179_1364,0.557076166118018
1189,2021_1180_1364,0.20538296443791376
1190,2021_1186_1364,0.3226725274508579
1191,2021_1196_1364,0.6417080883492394
1192,2021_1199_1364,0.7561398651256317
1193,2021_1207_1364,0.5394579848573899
1194,2021_1210_1364,0.6690619327852897
1195,2021_1211_1364,0.9321403005798563
1196,2021_1213_1364,0.3313612986129257
1197,2021_1216_1364,0.1322321257206862
1198,2021_1222_1364,0.8756331500059535
1199,2021_1228_1364,0.8974705373873331
1200,2021_1233_1364,0.15769935997657458
1201,2021_1234_1364,0.8767270876141213
1202,2021_1242_1364,0.732129577035407
1203,2021_1251_1364,0.36988006322675615
1204,2021_1260_1364,0.7918671750929296
1205,2021_1261_1364,0.6964296876989544
1206,2021_1268_1364,0.6735680451796674
1207,2021_1276_1364,0.8566633092622705
1208,2021_1277_1364,0.5381628777755859
1209,2021_1281_1364,0.5722309644483912
1210,2021_1287_1364,0.25420292933551336
1211,2021_1291_1364,0.10356125113353414
1212,2021_1313_1364,0.11876119370053732
1213,2021_1314_1364,0.709058976901972
1214,2021_1317_1364,0.4679246515383656
1215,2021_1325_1364,0.4503259298837717
1216,2021_1326_1364,0.8233606598278376
1217,2021_1328_1364,0.6159606272584531
1218,2021_1329_1364,0.6748915748606759
1219,2021_1331_1364,0.19752559376041334
1220,2021_1332_1364,0.6452699361205799
1221,2021_1333_1364,0.42220930949826
1222,2021_1345_1364,0.7606320434800135
1223,2021_1353_1364,0.6580319638662476
1224,2021_1361_1364,0.7383913251614701
1225,2021_1101_1382,0.20380805397497584
1226,2021_1104_1382,0.608898761431697
1227,2021_1111_1382,0.05
1228,2021_1116_1382,0.50563268138231
1229,2021_1124_1382,0.7291888687434575
1230,2021_1140_1382,0.4879314342690075
1231,2021_1155_1382,0.34771067375251785
1232,2021_1156_1382,0.08119579427219438
1233,2021_1159_1382,0.2056892614048009
1234,2021_1160_1382,0.5102601696684218
1235,2021_1163_1382,0.5169217957103087
1236,2021_1166_1382,0.49882959721757575
1237,2021_1179_1382,0.3070159752326106
1238,2021_1180_1382,0.08344799066817254
1239,2021_1186_1382,0.14369566481450363
1240,2021_1196_1382,0.3868373639890255
1241,2021_1199_1382,0.5220407588118456
1242,2021_1207_1382,0.2920909288190882
1243,2021_1210_1382,0.41593921393350897
1244,2021_1211_1382,0.8287266709267879
1245,2021_1213_1382,0.14862252998392164
1246,2021_1216_1382,0.050942266939093754
1247,2021_1222_1382,0.7126522141863931
1248,2021_1228_1382,0.7551034308766016
1249,2021_1233_1382,0.061869723589628826
1250,2021_1234_1382,0.7147126677363433
1251,2021_1242_1382,0.4905118475799516
1252,2021_1251_1382,0.171342464714625
1253,2021_1260_1382,0.572682923829744
1254,2021_1261_1382,0.44693614496369366
1255,2021_1268_1382,0.42090879601874753
1256,2021_1276_1382,0.6779654110049255
1257,2021_1277_1382,0.2910144272143426
1258,2021_1281_1382,0.32028724965570565
1259,2021_1287_1382,0.10719371886423612
1260,2021_1291_1382,0.05
1261,2021_1313_1382,0.05
1262,2021_1314_1382,0.46192555418642006
1263,2021_1317_1382,0.23651368221232258
1264,2021_1325_1382,0.22395502792248545
1265,2021_1326_1382,0.6214889789547166
1266,2021_1328_1382,0.3610122595431472
1267,2021_1329_1382,0.4223782484302695
1268,2021_1331_1382,0.07978710782286082
1269,2021_1332_1382,0.39052648665280143
1270,2021_1333_1382,0.20470848244699938
1271,2021_1345_1382,0.5281543057605891
1272,2021_1353_1382,0.40398813188411503
1273,2021_1361_1382,0.4985532140559369
1274,2021_1364_1382,0.24843241763364088
1275,2021_1101_1393,0.3090435358056135
1276,2021_1104_1393,0.7312065162890923
1277,2021_1111_1393,0.0716275693924722
1278,2021_1116_1393,0.641205150156269
1279,2021_1124_1393,0.8247082747785641
1280,2021_1140_1393,0.6247556868531575
1281,2021_1155_1393,0.48224484839978776
1282,2021_1156_1393,0.13375678559468243
1283,2021_1159_1393,0.311516047730841
1284,2021_1160_1393,0.6454534487349102
1285,2021_1163_1393,0.6515319846155541
1286,2021_1166_1393,0.6349206673574088
1287,2021_1179_1393,0.4363373710351693
1288,2021_1180_1393,0.13724912819022284
1289,2021_1186_1393,0.22673125729298546
1290,2021_1196_1393,0.5243410291778734
1291,2021_1199_1393,0.6561733058107487
1292,2021_1207_1393,0.418926077593527
1293,2021_1210_1393,0.5544336725332122
1294,2021_1211_1393,0.8942300572912711
1295,2021_1213_1393,0.23372805279763426
1296,2021_1216_1393,0.08574673145668407
1297,2021_1222_1393,0.8125045966085649
1298,2021_1228_1393,0.8434447977361822
1299,2021_1233_1393,0.10332715226491458
1300,2021_1234_1393,0.8140358873981441
1301,2021_1242_1393,0.6271734482459108
1302,2021_1251_1393,0.26540240130185183
1303,2021_1260_1393,0.7007502200563371
1304,2021_1261_1393,0.5854068177255837
1305,2021_1268_1393,0.5594729149085488
1306,2021_1276_1393,0.7862561524802907
1307,2021_1277_1393,0.41765791544554254
1308,2021_1281_1393,0.4515561844673407
1309,2021_1287_1393,0.1734078637662047
1310,2021_1291_1393,0.06638388259632712
1311,2021_1313_1393,0.07659343382668733
1312,2021_1314_1393,0.6000020889484713
1313,2021_1317_1393,0.3511878082722465
1314,2021_1325_1393,0.33521351856319337
1315,2021_1326_1393,0.7415307665068382
1316,2021_1328_1393,0.49677345649589144
1317,2021_1329_1393,0.5609575153967095
1318,2021_1331_1393,0.13156678244589673
1319,2021_1332_1393,0.5282118291891166
1320,2021_1333_1393,0.31022774087184296
1321,2021_1345_1393,0.661683046543108
1322,2021_1353_1393,0.5421973662564239
1323,2021_1361_1393,0.6346643688896495
1324,2021_1364_1393,0.36611424999930586
1325,2021_1382_1393,0.6211631250063298
1326,2021_1101_1397,0.1990768791372591
1327,2021_1104_1397,0.6018725035110926
1328,2021_1111_1397,0.05
1329,2021_1116_1397,0.4982798689409069
1330,2021_1124_1397,0.7233417697156488
1331,2021_1140_1397,0.48058579761585396
1332,2021_1155_1397,0.34106996936910183
1333,2021_1156_1397,0.07902840662552835
1334,2021_1159_1397,0.20092543695622975
1335,2021_1160_1397,0.5029085198338747
1336,2021_1163_1397,0.5095740329489007
1337,2021_1166_1397,0.49147736309269685
1338,2021_1179_1397,0.3007940770932455
1339,2021_1180_1397,0.08122579907720047
1340,2021_1186_1397,0.1401143608276979
1341,2021_1196_1397,0.37988459564900595
1342,2021_1199_1397,0.5146977587214485
1343,2021_1207_1397,0.2860466466336869
1344,2021_1210_1397,0.40881212448144594
1345,2021_1211_1397,0.8245114839698057
1346,2021_1213_1397,0.1449392183759875
1347,2021_1216_1397,0.05
1348,2021_1222_1397,0.7065917372470021
1349,2021_1228_1397,0.7496237354059214
1350,2021_1233_1397,0.06018442196489159
1351,2021_1234_1397,0.7086778833121141
1352,2021_1242_1397,0.4831640181320727
1353,2021_1251_1397,0.16720666905846784
1354,2021_1260_1397,0.5654703465911175
1355,2021_1261_1397,0.43967775720061403
1356,2021_1268_1397,0.4137568770206456
1357,2021_1276_1397,0.6715105667883947
1358,2021_1277_1397,0.28498345349062115
1359,2021_1281_1397,0.3139182334789121
1360,2021_1287_1397,0.10441122121646113
1361,2021_1291_1397,0.05
1362,2021_1313_1397,0.05
1363,2021_1314_1397,0.4546238377284032
1364,2021_1317_1397,0.2312437900200508
1365,2021_1325_1397,0.21888473833511193
1366,2021_1326_1397,0.6145457238220531
1367,2021_1328_1397,0.3542554838580216
1368,2021_1329_1397,0.4152192638534614
1369,2021_1331_1397,0.07765414469691846
1370,2021_1332_1397,0.3835488884314384
1371,2021_1333_1397,0.19996165476983427
1372,2021_1345_1397,0.5208190168601845
1373,2021_1353_1397,0.39692665462119087
1374,2021_1361_1397,0.4912010609636566
1375,2021_1364_1397,0.24298147517994595
1376,2021_1382_1397,0.47676893752566957
1377,2021_1393_1397,0.342751113890743
1378,2021_1101_1400,0.20854216120177352
1379,2021_1104_1400,0.6157651877490286
1380,2021_1111_1400,0.05
1381,2021_1116_1400,0.5128616513351348
1382,2021_1124_1400,0.734862999410199
1383,2021_1140_1400,0.4951608104198872
1384,2021_1155_1400,0.3542999513626495
1385,2021_1156_1400,0.08338009174565074
1386,2021_1159_1400,0.21045551544206867
1387,2021_1160_1400,0.5174860457603931
1388,2021_1163_1400,0.5241410452528114
1389,2021_1166_1400,0.5060608677841977
1390,2021_1179_1400,0.31320436223797965
1391,2021_1180_1400,0.08568722546799486
1392,2021_1186_1400,0.14729177575318672
1393,2021_1196_1400,0.3937205612909937
1394,2021_1199_1400,0.5292531749299576
1395,2021_1207_1400,0.29810789252774716
1396,2021_1210_1400,0.42298302053303866
1397,2021_1211_1400,0.8327934772914068
1398,2021_1213_1400,0.15232000753678596
1399,2021_1216_1400,0.052359075063465696
1400,2021_1222_1400,0.7185390875488405
1401,2021_1228_1400,0.7604129925523336
1402,2021_1233_1400,0.0635700896043754
1403,2021_1234_1400,0.7205738799180694
1404,2021_1242_1400,0.4977422933677507
1405,2021_1251_1400,0.17548866810148497
1406,2021_1260_1400,0.5797463384982053
1407,2021_1261_1400,0.45409675654685117
1408,2021_1268_1400,0.4279750932923805
1409,2021_1276_1400,0.6842480561895655
1410,2021_1277_1400,0.2970185196150468
1411,2021_1281_1400,0.32661706036393623
1412,2021_1287_1400,0.10999367607225151
1413,2021_1291_1400,0.05
1414,2021_1313_1400,0.05
1415,2021_1314_1400,0.4691226150751071
1416,2021_1317_1400,0.2417767905177614
1417,2021_1325_1400,0.22902250139087094
1418,2021_1326_1400,0.6282693086851264
1419,2021_1328_1400,0.367711509621722
1420,2021_1329_1400,0.429450920421974
1421,2021_1331_1400,0.08193688883866555
1422,2021_1332_1400,0.39743277903482527
1423,2021_1333_1400,0.20945800275266388
1424,2021_1345_1400,0.5353565787835486
1425,2021_1353_1400,0.41097195996043845
1426,2021_1361_1400,0.5057845215098979
1427,2021_1364_1400,0.2538725597027199
1428,2021_1382_1400,0.49133769322326404
1429,2021_1393_1400,0.35601107425126405
1430,2021_1397_1400,0.4986898869479685
1431,2021_1101_1403,0.2013314564048128
1432,2021_1104_1403,0.6052416011874189
1433,2021_1111_1403,0.05
1434,2021_1116_1403,0.5017999674192379
1435,2021_1124_1403,0.7261506483953101
1436,2021_1140_1403,0.48410150654703377
1437,2021_1155_1403,0.344241472535871
1438,2021_1156_1403,0.08005931667105044
1439,2021_1159_1403,0.203195638133925
1440,2021_1160_1403,0.5064283114612599
1441,2021_1163_1403,0.51309232292848
1442,2021_1166_1403,0.4949968175912514
1443,2021_1179_1403,0.3037637160596902
1444,2021_1180_1403,0.08228281268465704
1445,2021_1186_1403,0.1418194184229846
1446,2021_1196_1403,0.38320712443417587
1447,2021_1199_1403,0.5182140442508784
1448,2021_1207_1403,0.28893085356366666
1449,2021_1210_1403,0.41221947397052067
1450,2021_1211_1403,0.8265395167999142
1451,2021_1213_1403,0.1466929735167236
1452,2021_1216_1403,0.05020610194354057
1453,2021_1222_1403,0.7095023796638437
1454,2021_1228_1403,0.7522571676447534
1455,2021_1233_1403,0.060985793619407994
1456,2021_1234_1403,0.7115762783407359
1457,2021_1242_1403,0.4866809156690222
1458,2021_1251_1403,0.16917655037658122
1459,2021_1260_1403,0.5689268621528654
1460,2021_1261_1403,0.4431495261100986
1461,2021_1268_1403,0.41717635732398084
1462,2021_1276_1403,0.6746089573774489
1463,2021_1277_1403,0.28786126255139705
1464,2021_1281_1403,0.3169587069729781
1465,2021_1287_1403,0.10573523046065235
1466,2021_1291_1403,0.05
1467,2021_1313_1403,0.05
1468,2021_1314_1403,0.45811713338339355
1469,2021_1317_1403,0.23375633990561587
1470,2021_1325_1403,0.22130165931277337
1471,2021_1326_1403,0.6178756654212066
1472,2021_1328_1403,0.35748307765827825
1473,2021_1329_1403,0.4186421993775192
1474,2021_1331_1403,0.07866865907352616
1475,2021_1332_1403,0.3868834709818424
1476,2021_1333_1403,0.20222372227239896
1477,2021_1345_1403,0.5243319391683255
1478,2021_1353_1403,0.40030201828926154
1479,2021_1361_1403,0.49472046175985884
1480,2021_1364_1403,0.2455808182737285
1481,2021_1382_1403,0.4802825428592497
1482,2021_1393_1403,0.34593004266068816
1483,2021_1397_1403,0.48762789585613925
1484,2021_1400_1403,0.4730668378009067
1485,2021_1101_1411,0.870152852474118
1486,2021_1104_1411,0.95
1487,2021_1111_1411,0.536174843559136
1488,2021_1116_1411,0.95
1489,2021_1124_1411,0.95
1490,2021_1140_1411,0.95
1491,2021_1155_1411,0.9331338065156103
1492,2021_1156_1411,0.698204620761049
1493,2021_1159_1411,0.8714526733465084
1494,2021_1160_1411,0.95
1495,2021_1163_1411,0.95
1496,2021_1166_1411,0.95
1497,2021_1179_1411,0.9206247135804579
1498,2021_1180_1411,0.7044495842565747
1499,2021_1186_1411,0.8145792800066085
1500,2021_1196_1411,0.9429102611067501
1501,2021_1199_1411,0.95
1502,2021_1207_1411,0.9152678828170158
1503,2021_1210_1411,0.9490930138824015
1504,2021_1211_1411,0.95
1505,2021_1213_1411,0.820468777026932
1506,2021_1216_1411,0.5842381116492091
1507,2021_1222_1411,0.95
1508,2021_1228_1411,0.95
1509,2021_1233_1411,0.6332337003666133
1510,2021_1234_1411,0.95
1511,2021_1242_1411,0.95
1512,2021_1251_1411,0.8440702159448921
1513,2021_1260_1411,0.95
1514,2021_1261_1411,0.95
1515,2021_1268_1411,0.95
1516,2021_1276_1411,0.95
1517,2021_1277_1411,0.9148628159521068
1518,2021_1281_1411,0.9250149084122239
1519,2021_1287_1411,0.7586405199943443
1520,2021_1291_1411,0.515818351143743
1521,2021_1313_1411,0.5541239274600827
1522,2021_1314_1411,0.95
1523,2021_1317_1411,0.890229104947215
1524,2021_1325_1411,0.8831090625975253
1525,2021_1326_1411,0.95
1526,2021_1328_1411,0.9366716218575443
1527,2021_1329_1411,0.95
1528,2021_1331_1411,0.6941789093324291
1529,2021_1332_1411,0.9437403172811087
1530,2021_1333_1411,0.8707775002712215
1531,2021_1345_1411,0.95
1532,2021_1353_1411,0.946652122963259
1533,2021_1361_1411,0.95
1534,2021_1364_1411,0.8964123390006887
1535,2021_1382_1411,0.95
1536,2021_1393_1411,0.9335984861226458
1537,2021_1397_1411,0.95
1538,2021_1400_1411,0.95
1539,2021_1403_1411,0.95
1540,2021_1101_1417,0.31712443050721545
1541,2021_1104_1417,0.7385274153833367
1542,2021_1111_1417,0.07416685264148487
1543,2021_1116_1417,0.6498033434736398
1544,2021_1124_1417,0.8300743589077043
1545,2021_1140_1417,0.6335227758512458
1546,2021_1155_1417,0.491632216023989
1547,2021_1156_1417,0.1381708150641663
1548,2021_1159_1417,0.3196316865610654
1549,2021_1160_1417,0.6540047704302376
1550,2021_1163_1417,0.6600139223856026
1551,2021_1166_1417,0.6435857504372421
1552,2021_1179_1417,0.44560020080941276
1553,2021_1180_1417,0.1417595461105012
1554,2021_1186_1417,0.23338683680867442
1555,2021_1196_1417,0.5337031561339622
1556,2021_1199_1417,0.6646004276152289
1557,2021_1207_1417,0.4281000132538248
1558,2021_1210_1417,0.5636963523151294
1559,2021_1211_1417,0.8977318300195833
1560,2021_1213_1417,0.24052513394700675
1561,2021_1216_1417,0.08873871157714305
1562,2021_1222_1417,0.8181618930473311
1563,2021_1228_1417,0.8483427882432056
1564,2021_1233_1417,0.1068608694253396
1565,2021_1234_1417,0.8196572355312504
1566,2021_1242_1417,0.6359169683071861
1567,2021_1251_1417,0.27279268810593393
1568,2021_1260_1417,0.7085700206105545
1569,2021_1261_1417,0.5944965386519624
1570,2021_1268_1417,0.5687123266268046
1571,2021_1276_1417,0.7925031840639852
1572,2021_1277_1417,0.4268244791062814
1573,2021_1281_1417,0.46087792726391374
1574,2021_1287_1417,0.17886021831742513
1575,2021_1291_1417,0.06875103739558289
1576,2021_1313_1417,0.07929372657758173
1577,2021_1314_1417,0.6089855517858692
1578,2021_1317_1417,0.3597968623722624
1579,2021_1325_1417,0.3436383827602554
1580,2021_1326_1417,0.7486671253746429
1581,2021_1328_1417,0.5061671538359062
1582,2021_1329_1417,0.5701897107739305
1583,2021_1331_1417,0.1359198807513419
1584,2021_1332_1417,0.5375649612024951
1585,2021_1333_1417,0.31832533475348834
1586,2021_1345_1417,0.6700430319565294
1587,2021_1353_1417,0.5515086525582789
1588,2021_1361_1417,0.643332117916715
1589,2021_1364_1417,0.37487779391816006
1590,2021_1382_1417,0.6299644354685164
1591,2021_1393_1417,0.4934996780029135
1592,2021_1397_1417,0.6367940992027387
1593,2021_1400_1417,0.6231964810925577
1594,2021_1403_1417,0.6335312376273285
1595,2021_1411_1417,0.06105921241640329
1596,2021_1101_1422,0.5439434564925878
1597,2021_1104_1422,0.8788490350220256
1598,2021_1111_1422,0.1706355381885391
1599,2021_1116_1422,0.8265572824022851
1600,2021_1124_1422,0.926177428280056
1601,2021_1140_1422,0.8161692897598478
1602,2021_1155_1422,0.7129536433282871
1603,2021_1156_1422,0.2916633103705367
1604,2021_1159_1422,0.5468080359041972
1605,2021_1160_1422,0.8291955383892812
1606,2021_1163_1422,0.8329392511307234
1607,2021_1166_1422,0.8226212391218857
1608,2021_1179_1422,0.6736593938201609
1609,2021_1180_1422,0.29786086822239954
1610,2021_1186_1422,0.43879890560802676
1611,2021_1196_1422,0.7461653778464283
1612,2021_1199_1422,0.8357734029698066
1613,2021_1207_1422,0.6578301813463536
1614,2021_1210_1422,0.7684223400471827
1615,2021_1211_1422,0.95
1616,2021_1213_1422,0.4485438943861004
1617,2021_1216_1422,0.20006526491183485
1618,2021_1222_1422,0.9203557472974809
1619,2021_1228_1422,0.9349239702692058
1620,2021_1233_1422,0.23505799879684225
1621,2021_1234_1422,0.9210917524063885
1622,2021_1242_1422,0.8177135871391031
1623,2021_1251_1422,0.49068794282756123
1624,2021_1260_1422,0.8619636511273293
1625,2021_1261_1422,0.7901504331414744
1626,2021_1268_1422,0.7720365078868694
1627,2021_1276_1422,0.9074867818894014
1628,2021_1277_1422,0.6566560887232583
1629,2021_1281_1422,0.6870660150457927
1630,2021_1287_1422,0.3587389147623067
1631,2021_1291_1422,0.1593881106544204
1632,2021_1313_1422,0.18112632551383911
1633,2021_1314_1422,0.8000004175289824
1634,2021_1317_1422,0.5907341187973555
1635,2021_1325_1422,0.573494955911628
1636,2021_1326_1422,0.8843989419836594
1637,2021_1328_1422,0.7247040782581166
1638,2021_1329_1422,0.7730952869374438
1639,2021_1331_1422,0.2877467145969197
1640,2021_1332_1422,0.7490948175909048
1641,2021_1333_1422,0.5453173834153703
1642,2021_1345_1422,0.8391107729469645
1643,2021_1353_1422,0.7595136709243002
1644,2021_1361_1422,0.822459866083448
1645,2021_1364_1422,0.6063272481423845
1646,2021_1382_1422,0.8138633178763843
1647,2021_1393_1422,0.7144802569931736
1648,2021_1397_1422,0.818277900145512
1649,2021_1400_1422,0.8094414438239933
1650,2021_1403_1422,0.8161747580018971
1651,2021_1411_1422,0.1431142430104768
1652,2021_1417_1422,0.7067534108410894
1653,2021_1101_1425,0.17751793654411763
1654,2021_1104_1425,0.5676064656099067
1655,2021_1111_1425,0.05
1656,2021_1116_1425,0.463052052502043
1657,2021_1124_1425,0.6942188842733077
1658,2021_1140_1425,0.44549816073660164
1659,2021_1155_1425,0.3100873757525819
1660,2021_1156_1425,0.06934445995127426
1661,2021_1159_1425,0.17921109898212198
1662,2021_1160_1425,0.46765848713820973
1663,2021_1163_1425,0.47430258165063593
1664,2021_1166_1425,0.4562930912450126
1665,2021_1179_1425,0.2719600924552649
1666,2021_1180_1425,0.07129343328677668
1667,2021_1186_1425,0.12395253266400462
1668,2021_1196_1425,0.34723413478487686
1669,2021_1199_1425,0.4794183472616334
1670,2021_1207_1425,0.25810449820550246
1671,2021_1210_1425,0.3751796247465944
1672,2021_1211_1425,0.8031400161740574
1673,2021_1213_1425,0.12830389619775015
1674,2021_1216_1425,0.05
1675,2021_1222_1425,0.6764942105532014
1676,2021_1228_1425,0.7222049628874847
1677,2021_1233_1425,0.052677495794815725
1678,2021_1234_1425,0.6786970432193397
1679,2021_1242_1425,0.448050518980223
1680,2021_1251_1425,0.1484593497379936
1681,2021_1260_1425,0.5305151617129789
1682,2021_1261_1425,0.40524659945455
1683,2021_1268_1425,0.37997904352957684
1684,2021_1276_1425,0.6396496719324618
1685,2021_1277_1425,0.2571077611397596
1686,2021_1281_1425,0.28433777985575015
1687,2021_1287_1425,0.09192738825166612
1688,2021_1291_1425,0.05
1689,2021_1313_1425,0.05
1690,2021_1314_1425,0.4198993580914638
1691,2021_1317_1425,0.20710210724592137
1692,2021_1325_1425,0.19570486162381312
1693,2021_1326_1425,0.580610395192338
1694,2021_1328_1425,0.322661641312042
1695,2021_1329_1425,0.3813997152839938
1696,2021_1331_1425,0.06812613990870138
1697,2021_1332_1425,0.350761630009127
1698,2021_1333_1425,0.1783282296317531
1699,2021_1345_1425,0.4855398107945642
1700,2021_1353_1425,0.36367046064183034
1701,2021_1361_1425,0.4560188313700498
1702,2021_1364_1425,0.2179618201597159
1703,2021_1382_1425,0.4417229825503595
1704,2021_1393_1425,0.311688043183057
1705,2021_1397_1425,0.4489880789988308
1706,2021_1400_1425,0.4346021530613341
1707,2021_1403_1425,0.44550716408775737
1708,2021_1411_1425,0.05
1709,2021_1417_1425,0.3036840716480499
1710,2021_1422_1425,0.1451618912709171
1711,2021_1101_1429,0.3017428686896904
1712,2021_1104_1429,0.7243883896347889
1713,2021_1111_1429,0.06937237669706361
1714,2021_1116_1429,0.6332491340678775
1715,2021_1124_1429,0.8196769887693125
1716,2021_1140_1429,0.6166529859954651
1717,2021_1155_1429,0.47365741043809984
1718,2021_1156_1429,0.12981899219672186
1719,2021_1159_1429,0.30418268514247415
1720,2021_1160_1429,0.6375383843795264
1721,2021_1163_1429,0.6436777071798582
1722,2021_1166_1429,0.6269063822794672
1723,2021_1179_1429,0.4278918184179456
1724,2021_1180_1429,0.13322433278748366
1725,2021_1186_1429,0.22075384007956886
1726,2021_1196_1429,0.5157506891172444
1727,2021_1199_1429,0.6483671814978956
1728,2021_1207_1429,0.4105720554909649
1729,2021_1210_1429,0.5459161526756783
1730,2021_1211_1429,0.8909303087147504
1731,2021_1213_1429,0.2276204737437108
1732,2021_1216_1429,0.08308678245342628
1733,2021_1222_1429,0.807204921168542
1734,2021_1228_1429,0.838846207672018
1735,2021_1233_1429,0.10018160053019295
1736,2021_1234_1429,0.8087693078130623
1737,2021_1242_1429,0.619091124188421
1738,2021_1251_1429,0.25874662009080496
1739,2021_1260_1429,0.693483394190061
1740,2021_1261_1429,0.5770296895045877
1741,2021_1268_1429,0.5509737092305307
1742,2021_1276_1429,0.7804150596068294
1743,2021_1277_1429,0.4093113686685796
1744,2021_1281_1429,0.4430475987536041
1745,2021_1287_1429,0.16852985076958188
1746,2021_1291_1429,0.06428235561111909
1747,2021_1313_1429,0.07419438629381159
1748,2021_1314_1429,0.591714187969652
1749,2021_1317_1429,0.3433863309051538
1750,2021_1325_1429,0.3275877318196865
1751,2021_1326_1429,0.7348795685228645
1752,2021_1328_1429,0.48817123591969314
1753,2021_1329_1429,0.552464040446039
1754,2021_1331_1429,0.1276839592510357
1755,2021_1332_1429,0.5196273510773157
1756,2021_1333_1429,0.3029113628467258
1757,2021_1345_1429,0.6539360407201208
1758,2021_1353_1429,0.5336426876664129
1759,2021_1361_1429,0.6266477659398867
1760,2021_1364_1429,0.358164233122192
1761,2021_1382_1429,0.6130308986614524
1762,2021_1393_1429,0.4755204608020838
1763,2021_1397_1429,0.619984567312963
1764,2021_1400_1429,0.6061468629571384
1765,2021_1403_1429,0.6166616015948627
1766,2021_1411_1429,0.05705985073634289
1767,2021_1417_1429,0.4661586363546205
1768,2021_1422_1429,0.25372944918994794
1769,2021_1425_1429,0.6526399743482426
1770,2021_1101_1433,0.3172823055819824
1771,2021_1104_1433,0.7386681502397062
1772,2021_1111_1433,0.07421692082073904
1773,2021_1116_1433,0.6499691993689469
1774,2021_1124_1433,0.8301771500834197
1775,2021_1140_1433,0.6336919957190914
1776,2021_1155_1433,0.4918143979966648
1777,2021_1156_1433,0.13825763840085004
1778,2021_1159_1433,0.3197902253020339
1779,2021_1160_1433,0.6541696954987873
1780,2021_1163_1433,0.6601774714160277
1781,2021_1166_1433,0.6437529366357754
1782,2021_1179_1433,0.44578028270785336
1783,2021_1180_1433,0.14184825336026707
1784,2021_1186_1433,0.23351728000626112
1785,2021_1196_1433,0.5338845555874624
1786,2021_1199_1433,0.6647628909686142
1787,2021_1207_1433,0.4282784862383621
1788,2021_1210_1433,0.5638756184691105
1789,2021_1211_1433,0.8977987330228443
1790,2021_1213_1433,0.24065831437837676
1791,2021_1216_1433,0.08879767336567143
1792,2021_1222_1433,0.8182703126564616
1793,2021_1228_1433,0.8484365462951794
1794,2021_1233_1433,0.10693045940198276
1795,2021_1234_1433,0.8197649599636225
1796,2021_1242_1433,0.6360857177019749
1797,2021_1251_1433,0.2729373144112608
1798,2021_1260_1433,0.7087205202203192
1799,2021_1261_1433,0.5946722494207544
1800,2021_1268_1433,0.5688911080261306
1801,2021_1276_1433,0.7926230247431192
1802,2021_1277_1433,0.42700281736241946
1803,2021_1281_1433,0.46105904867945113
1804,2021_1287_1433,0.17896730042759004
1805,2021_1291_1433,0.06879772117365678
1806,2021_1313_1433,0.0793469591594763
1807,2021_1314_1433,0.6091591118055447
1808,2021_1317_1433,0.3599647829627884
1809,2021_1325_1433,0.34380281188368145
1810,2021_1326_1433,0.748804258932962
1811,2021_1328_1433,0.5063493571937775
1812,2021_1329_1433,0.5703683424039391
1813,2021_1331_1433,0.13600551286547743
1814,2021_1332_1433,0.537746159532805
1815,2021_1333_1433,0.3184835288494638
1816,2021_1345_1433,0.670204167210866
1817,2021_1353_1433,0.551688943741958
1818,2021_1361_1433,0.6434993571859153
1819,2021_1364_1433,0.37504862962552826
1820,2021_1382_1433,0.6301343391363902
1821,2021_1393_1433,0.4936818799668187
1822,2021_1397_1433,0.6369626741451399
1823,2021_1400_1433,0.623367634417499
1824,2021_1403_1433,0.6337004558470957
1825,2021_1411_1433,0.0611010159291784
1826,2021_1417_1433,0.4842926589105015
1827,2021_1422_1433,0.2677443716241147
1828,2021_1425_1433,0.6689381828254894
1829,2021_1429_1433,0.5022859110253649
1830,2021_1101_1437,0.17063846099426536
1831,2021_1104_1437,0.5558257990855713
1832,2021_1111_1437,0.05
1833,2021_1116_1437,0.4511771180069397
1834,2021_1124_1437,0.6839671375759023
1835,2021_1140_1437,0.43370977940149846
1836,2021_1155_1437,0.2999439157961286
1837,2021_1156_1437,0.0663190832939847
1838,2021_1159_1437,0.17227975133715198
1839,2021_1160_1437,0.4557656920758411
1840,2021_1163_1437,0.46238758353525466
1841,2021_1166_1437,0.44444801680377466
1842,2021_1179_1437,0.26258913619773566
1843,2021_1180_1437,0.06818925653502933
1844,2021_1186_1437,0.11884895220474415
1845,2021_1196_1437,0.33646815949276054
1846,2021_1199_1437,0.4674891193660621
1847,2021_1207_1437,0.24904764864518933
1848,2021_1210_1437,0.36403039660211745
1849,2021_1211_1437,0.7954641039148991
1850,2021_1213_1437,0.12304631850135456
1851,2021_1216_1437,0.05
1852,2021_1222_1437,0.6659341761955109
1853,2021_1228_1437,0.7125029219531182
1854,2021_1233_1437,0.05033993726156027
1855,2021_1234_1437,0.6681736443073149
1856,2021_1242_1437,0.43624773430799013
1857,2021_1251_1437,0.14251087841655755
1858,2021_1260_1437,0.51858104769873
1859,2021_1261_1437,0.3937669618330629
1860,2021_1268_1437,0.3687713683995632
1861,2021_1276_1437,0.6285473229855509
1862,2021_1277_1437,0.24807419191728505
1863,2021_1281_1437,0.2747012494423271
1864,2021_1287_1437,0.08800993132893076
1865,2021_1291_1437,0.05
1866,2021_1313_1437,0.05
1867,2021_1314_1437,0.40828958795546666
1868,2021_1317_1437,0.199354024649949
1869,2021_1325_1437,0.18828192021279364
1870,2021_1326_1437,0.5689149441904412
1871,2021_1328_1437,0.3122930452894323
1872,2021_1329_1437,0.3701751545996587
1873,2021_1331_1437,0.06515019544208123
1874,2021_1332_1437,0.33994324182553626
1875,2021_1333_1437,0.1714238970895004
1876,2021_1345_1437,0.47359683546522624
1877,2021_1353_1437,0.35267020385273795
1878,2021_1361_1437,0.4441750602558149
1879,2021_1364_1437,0.2099150159796353
1880,2021_1382_1437,0.42995703839810695
1881,2021_1393_1437,0.30151510607629883
1882,2021_1397_1437,0.4371801588226698
1883,2021_1400_1437,0.42288220910014096
1884,2021_1403_1437,0.43371873085883167
1885,2021_1411_1437,0.05
1886,2021_1417_1437,0.2936609165638143
1887,2021_1422_1437,0.1393239254600032
1888,2021_1425_1437,0.47217052337924403
1889,2021_1429_1437,0.3088126996577541
1890,2021_1433_1437,0.2935097420890761
1891,2021_1101_1438,0.17002554411703663
1892,2021_1104_1438,0.5547547783063607
1893,2021_1111_1438,0.05
1894,2021_1116_1438,0.45010340546944194
1895,2021_1124_1438,0.6830288956470224
1896,2021_1140_1438,0.43264486639330235
1897,2021_1155_1438,0.299034008949254
1898,2021_1156_1438,0.06605102972716448
1899,2021_1159_1438,0.17166215933080575
1900,2021_1160_1438,0.4546901065832764
1901,2021_1163_1438,0.4613096169115782
1902,2021_1166_1438,0.4433773810279923
1903,2021_1179_1438,0.2617501785573019
1904,2021_1180_1438,0.06791419378646285
1905,2021_1186_1438,0.11839550254255028
1906,2021_1196_1438,0.3355005535557504
1907,2021_1199_1438,0.4664095775699217
1908,2021_1207_1438,0.2482373910789927
1909,2021_1210_1438,0.3630268936056651
1910,2021_1211_1438,0.794757546085195
1911,2021_1213_1438,0.12257908224399794
1912,2021_1216_1438,0.05
1913,2021_1222_1438,0.6649686218651296
1914,2021_1228_1438,0.7116136773516878
1915,2021_1233_1438,0.05013300157253323
1916,2021_1234_1438,0.6672113280914532
1917,2021_1242_1438,0.43518137854761585
1918,2021_1251_1438,0.1419816971059633
1919,2021_1260_1438,0.5174981796854584
1920,2021_1261_1438,0.39273210678291315
1921,2021_1268_1438,0.3677623537414439
1922,2021_1276_1438,0.6275341482035878
1923,2021_1277_1438,0.2472660585982722
1924,2021_1281_1438,0.27383796462522697
1925,2021_1287_1438,0.08766243744400685
1926,2021_1291_1438,0.05
1927,2021_1313_1438,0.05
1928,2021_1314_1438,0.40724220498809266
1929,2021_1317_1438,0.19866267091981898
1930,2021_1325_1438,0.18761996624720023
1931,2021_1326_1438,0.5678509461286855
1932,2021_1328_1438,0.31136233822203696
1933,2021_1329_1438,0.36916454530368925
1934,2021_1331_1438,0.06488653804488283
1935,2021_1332_1438,0.3389707476280518
1936,2021_1333_1438,0.17080874003586544
1937,2021_1345_1438,0.4725157046297734
1938,2021_1353_1438,0.35168069963907905
1939,2021_1361_1438,0.44310455756809736
1940,2021_1364_1438,0.20919660665780515
1941,2021_1382_1438,0.4288943610104631
1942,2021_1393_1438,0.300602479540892
1943,2021_1397_1438,0.43611328702910207
1944,2021_1400_1438,0.4218240783286595
1945,2021_1403_1438,0.4326538126638966
1946,2021_1411_1438,0.05
1947,2021_1417_1438,0.2927620988870334
1948,2021_1422_1438,0.13880466255280893
1949,2021_1425_1438,0.4710897346777024
1950,2021_1429_1438,0.30788772116546614
1951,2021_1433_1438,0.2926111954348795
1952,2021_1437_1438,0.4830275004213917
1953,2021_1101_1439,0.33573352038541865
1954,2021_1104_1439,0.7545413502635719
1955,2021_1111_1439,0.08019327444893712
1956,2021_1116_1439,0.6688144094969724
1957,2021_1124_1439,0.8416834049863267
1958,2021_1140_1439,0.652945621394107
1959,2021_1155_1439,0.5127918417422387
1960,2021_1156_1439,0.1485633562029149
1961,2021_1159_1439,0.3383150130449001
1962,2021_1160_1439,0.6729025660965965
1963,2021_1163_1439,0.6787447279547769
1964,2021_1166_1439,0.6627591737235723
1965,2021_1179_1439,0.46659703873346897
1966,2021_1180_1439,0.15237429025894333
1967,2021_1186_1439,0.2488729649008938
1968,2021_1196_1439,0.5546977628542441
1969,2021_1199_1439,0.6831998351686279
1970,2021_1207_1439,0.44893999012070457
1971,2021_1210_1439,0.5843921450891197
1972,2021_1211_1439,0.9052462606138021
1973,2021_1213_1439,0.25632654392505794
1974,2021_1216_1439,0.09582661730137093
1975,2021_1222_1439,0.8304185146480709
1976,2021_1228_1439,0.8589158935963375
1977,2021_1233_1439,0.11521325256342187
1978,2021_1234_1439,0.8318337819806547
1979,2021_1242_1439,0.6552819686914628
1980,2021_1251_1439,0.28990475331414406
1981,2021_1260_1439,0.7257373424504033
1982,2021_1261_1439,0.6147298864524078
1983,2021_1268_1439,0.5893435230616805
1984,2021_1276_1439,0.8060793801505879
1985,2021_1277_1439,0.4476509658172296
1986,2021_1281_1439,0.4819688173007877
1987,2021_1287_1439,0.1916327087078062
1988,2021_1291_1439,0.07437274798243164
1989,2021_1313_1439,0.08569817175958723
1990,2021_1314_1439,0.6289471738367453
1991,2021_1317_1439,0.37951833847633265
1992,2021_1325_1439,0.3629763283093711
1993,2021_1326_1439,0.7642582809460527
1994,2021_1328_1439,0.5273034780458921
1995,2021_1329_1439,0.5908010848485575
1996,2021_1331_1439,0.1461718326139643
1997,2021_1332_1439,0.558529519571151
1998,2021_1333_1439,0.33697012063893994
1999,2021_1345_1439,0.6884820931991471
2000,2021_1353_1439,0.5723439656266376
2001,2021_1361_1439,0.6625120305844543
2002,2021_1364_1439,0.39491598399204036
2003,2021_1382_1439,0.6494715230387804
2004,2021_1393_1439,0.5146583091673177
2005,2021_1397_1439,0.6561376733857962
2006,2021_1400_1439,0.6428580836363785
2007,2021_1403_1439,0.6529538803765162
2008,2021_1411_1439,0.06609661018613963
2009,2021_1417_1439,0.5052682608900937
2010,2021_1422_1439,0.2845153140233072
2011,2021_1425_1439,0.6872535308685607
2012,2021_1429_1439,0.5232501146030388
2013,2021_1433_1439,0.5050860485206128
2014,2021_1437_1439,0.6974458284535767
2015,2021_1438_1439,0.6983602418508177
2016,2021_1101_1452,0.21383836566423106
2017,2021_1104_1452,0.6232592408831982
2018,2021_1111_1452,0.05
2019,2021_1116_1452,0.5208008252357132
2020,2021_1124_1452,0.7410111773656247
2021,2021_1140_1452,0.5031089676724644
2022,2021_1155_1452,0.36160660473570616
2023,2021_1156_1452,0.08584240027650207
2024,2021_1159_1452,0.2157870636567254
2025,2021_1160_1452,0.5254195941277109
2026,2021_1163_1452,0.5320641162554984
2027,2021_1166_1452,0.5140058481117751
2028,2021_1179_1452,0.3200836317711701
2029,2021_1180_1452,0.08821110954685332
2030,2021_1186_1452,0.15132986991751193
2031,2021_1196_1452,0.4013348804720665
2032,2021_1199_1452,0.5371662900118513
2033,2021_1207_1452,0.30480273795529045
2034,2021_1210_1452,0.43076117343022946
2035,2021_1211_1452,0.8371739426385606
2036,2021_1213_1452,0.15647065811130081
2037,2021_1216_1452,0.0539592256238485
2038,2021_1222_1452,0.7249241031499997
2039,2021_1228_1452,0.7661572315318218
2040,2021_1233_1452,0.06548918331956616
2041,2021_1234_1452,0.7269302780373073
2042,2021_1242_1452,0.5056903807547111
2043,2021_1251_1452,0.1801364919640049
2044,2021_1260_1452,0.5874722583895383
2045,2021_1261_1452,0.46198896612525
2046,2021_1268_1452,0.43577571641595425
2047,2021_1276_1452,0.6910765277804147
2048,2021_1277_1452,0.3036994857765035
2049,2021_1281_1452,0.33364781142718203
2050,2021_1287_1452,0.11314490105652707
2051,2021_1291_1452,0.05
2052,2021_1313_1452,0.05
2053,2021_1314_1452,0.477047763799751
2054,2021_1317_1452,0.24765292695350002
2055,2021_1325_1452,0.23468460264806293
2056,2021_1326_1452,0.6356637815248933
2057,2021_1328_1452,0.37513405915243264
2058,2021_1329_1452,0.4372578810021012
2059,2021_1331_1452,0.08436050040282721
2060,2021_1332_1452,0.4050709241501786
2061,2021_1333_1452,0.21477115462584717
2062,2021_1345_1452,0.5432556379378082
2063,2021_1353_1452,0.41868950867754234
2064,2021_1361_1452,0.5137296756687719
2065,2021_1364_1452,0.25994188775976956
2066,2021_1382_1452,0.4992851753391276
2067,2021_1393_1452,0.36333315924584664
2068,2021_1397_1452,0.5066378423752775
2069,2021_1400_1452,0.4920542742353239
2070,2021_1403_1452,0.5031180789145966
2071,2021_1411_1452,0.05
2072,2021_1417_1452,0.35468636873388315
2073,2021_1422_1452,0.17628109911430745
2074,2021_1425_1452,0.5418354761230237
2075,2021_1429_1452,0.3713315305584415
2076,2021_1433_1452,0.3545195465761408
2077,2021_1437_1452,0.5536892530854705
2078,2021_1438_1452,0.5547607798490871
2079,2021_1439_1452,0.3355574334197274
2080,2021_1101_1455,0.4412616584366905
2081,2021_1104_1455,0.8276843614222791
2082,2021_1111_1455,0.11989746229577247
2083,2021_1116_1455,0.7593556419865503
2084,2021_1124_1455,0.892556964936811
2085,2021_1140_1455,0.7461787234917187
2086,2021_1155_1455,0.6218718600679433
2087,2021_1156_1455,0.21423382666221796
2088,2021_1159_1455,0.4441120750617245
2089,2021_1160_1455,0.7627226662245101
2090,2021_1163_1455,0.7675148450573582
2091,2021_1166_1455,0.7543477934445296
2092,2021_1179_1455,0.5774981079113626
2093,2021_1180_1455,0.21929545628405747
2094,2021_1186_1455,0.34111939016093
2095,2021_1196_1455,0.6606052439432495
2096,2021_1199_1455,0.7711539658115785
2097,2021_1207_1455,0.5600507200479221
2098,2021_1210_1455,0.6872195840752789
2099,2021_1211_1455,0.9372180350521873
2100,2021_1213_1455,0.35004817651145437
2101,2021_1216_1455,0.14207540698057328
2102,2021_1222_1455,0.884414839423783
2103,2021_1228_1455,0.9048777706004637
2104,2021_1233_1455,0.16906905102372483
2105,2021_1234_1455,0.8854416386094481
2106,2021_1242_1455,0.7481295402719681
2107,2021_1251_1455,0.3894738768285953
2108,2021_1260_1455,0.8052481492527173
2109,2021_1261_1455,0.7137282333519394
2110,2021_1268_1455,0.6915924241896643
2111,2021_1276_1455,0.8665803853706683
2112,2021_1277_1455,0.5587661571039412
2113,2021_1281_1455,0.5924653354100752
2114,2021_1287_1455,0.27029752852975675
2115,2021_1291_1455,0.11154462932538393
2116,2021_1313_1455,0.12774933028798124
2117,2021_1314_1455,0.7259210818819238
2118,2021_1317_1455,0.48868424746644723
2119,2021_1325_1455,0.47099589732169733
2120,2021_1326_1455,0.8351384367417586
2121,2021_1328_1455,0.6354442922095479
2122,2021_1329_1455,0.6928761955753597
2123,2021_1331_1455,0.2110471972696537
2124,2021_1332_1455,0.6640775728855819
2125,2021_1333_1455,0.4426279484924738
2126,2021_1345_1455,0.775451701551373
2127,2021_1353_1455,0.676502186785024
2128,2021_1361_1455,0.7541428712753023
2129,2021_1364_1455,0.5049068717062241
2130,2021_1382_1455,0.7432709561490196
2131,2021_1393_1455,0.6236271582062469
2132,2021_1397_1455,0.7488431043999788
2133,2021_1400_1455,0.737712539059308
2134,2021_1403_1455,0.7461856262300234
2135,2021_1411_1455,0.09957702658700057
2136,2021_1417_1455,0.6147672904737649
2137,2021_1422_1455,0.38323239379072027
2138,2021_1425_1455,0.7744537660706983
2139,2021_1429_1455,0.6316704972257899
2140,2021_1433_1455,0.6145946452224429
2141,2021_1437_1455,0.7827027726715439
2142,2021_1438_1455,0.7834395217301754
2143,2021_1439_1455,0.5945346113742846
2144,2021_1452_1455,0.7315144266053186
2145,2021_1101_1457,0.5201822774949607
2146,2021_1104_1457,0.8683125273622111
2147,2021_1111_1457,0.15754816423805335
2148,2021_1116_1457,0.8124435139451232
2149,2021_1124_1457,0.9193794821214154
2150,2021_1140_1457,0.8014132997226489
2151,2021_1155_1457,0.6930287041427315
2152,2021_1156_1457,0.2723415211911631
2153,2021_1159_1457,0.5230652429208394
2154,2021_1160_1457,0.8152484695097268
2155,2021_1163_1457,0.8192312330685513
2156,2021_1166_1457,0.8082614771942963
2157,2021_1179_1457,0.6523369567212715
2158,2021_1180_1457,0.27828981353483767
2159,2021_1186_1457,0.41544671731623517
2160,2021_1196_1457,0.7276651874095739
2161,2021_1199_1457,0.8222483110071553
2162,2021_1207_1457,0.6360322840138243
2163,2021_1210_1457,0.7510029851587192
2164,2021_1211_1457,0.95
2165,2021_1213_1457,0.42506590185037896
2166,2021_1216_1457,0.18522480233536748
2167,2021_1222_1457,0.9130720276280726
2168,2021_1228_1457,0.9288695921952964
2169,2021_1233_1457,0.21833029777711754
2170,2021_1234_1457,0.9138690435725653
2171,2021_1242_1457,0.8030516444607122
2172,2021_1251_1457,0.4668715956402424
2173,2021_1260_1457,0.8502089156315736
2174,2021_1261_1457,0.7738845372182812
2175,2021_1268_1457,0.7548022638584383
2176,2021_1276_1457,0.8991551102037095
2177,2021_1277_1457,0.6348249164292877
2178,2021_1281_1457,0.6661854793882014
2179,2021_1287_1457,0.3370882028087717
2180,2021_1291_1457,0.1470104787563064
2181,2021_1313_1457,0.16739673351892867
2182,2021_1314_1457,0.7842895821494608
2183,2021_1317_1457,0.5674722854684378
2184,2021_1325_1457,0.5499996902771941
2185,2021_1326_1457,0.8742760608204349
2186,2021_1328_1457,0.705257585486735
2187,2021_1329_1457,0.7559157809330309
2188,2021_1331_1457,0.26858600521542525
2189,2021_1332_1457,0.7307310851277028
2190,2021_1333_1457,0.5215648253727949
2191,2021_1345_1457,0.8258032478275151
2192,2021_1353_1457,0.7416495008544091
2193,2021_1361_1457,0.808090087856138
2194,2021_1364_1457,0.5833265589598905
2195,2021_1382_1457,0.7989678208471483
2196,2021_1393_1457,0.6946158957526243
2197,2021_1397_1457,0.80365044818051
2198,2021_1400_1457,0.7942815324829114
2199,2021_1403_1457,0.8014191001014178
2200,2021_1411_1457,0.1318022412928617
2201,2021_1417_1457,0.6865872851963396
2202,2021_1422_1457,0.46032496733046757
2203,2021_1425_1457,0.8249785783430496
2204,2021_1429_1457,0.7018674151109454
2205,2021_1433_1457,0.6864304094387125
2206,2021_1437_1457,0.8317810924362392
2207,2021_1438_1457,0.8323870749113773
2208,2021_1439_1457,0.6680901373653291
2209,2021_1452_1457,0.7890379248692503
2210,2021_1455_1457,0.5629731436451848
2211,2021_1101_1458,0.17001868662846678
2212,2021_1104_1458,0.5547427751730021
2213,2021_1111_1458,0.05
2214,2021_1116_1458,0.4500913776906402
2215,2021_1124_1458,0.683018374677334
2216,2021_1140_1458,0.43263293810083625
2217,2021_1155_1458,0.29902382288418267
2218,2021_1156_1458,0.06604803203703002
2219,2021_1159_1458,0.17165524948589314
2220,2021_1160_1458,0.4546780575811192
2221,2021_1163_1458,0.4612975408847005
2222,2021_1166_1458,0.44336538806908016
2223,2021_1179_1458,0.26174078827895714
2224,2021_1180_1458,0.06791111768623506
2225,2021_1186_1458,0.11839043036899512
2226,2021_1196_1458,0.3354897198371829
2227,2021_1199_1458,0.4663974836264765
2228,2021_1207_1458,0.24822832257261793
2229,2021_1210_1458,0.36301565661133434
2230,2021_1211_1458,0.7947496192243164
2231,2021_1213_1458,0.12257385576101568
2232,2021_1216_1458,0.05
2233,2021_1222_1458,0.6649577954849275
2234,2021_1228_1458,0.7116037045641098
2235,2021_1233_1458,0.05013068753622394
2236,2021_1234_1458,0.6672005379128987
2237,2021_1242_1458,0.4351694339616959
2238,2021_1251_1458,0.14197577720398125
2239,2021_1260_1458,0.5174860457603931
2240,2021_1261_1458,0.3927205172049762
2241,2021_1268_1458,0.36775105479400777
2242,2021_1276_1458,0.6275227897378074
2243,2021_1277_1458,0.24725701390531585
2244,2021_1281_1458,0.27382830154508375
2245,2021_1287_1458,0.08765855098982199
2246,2021_1291_1458,0.05
2247,2021_1313_1458,0.05
2248,2021_1314_1458,0.40723047436035187
2249,2021_1317_1458,0.1986549348845455
2250,2021_1325_1458,0.18761255954542402
2251,2021_1326_1458,0.567839021015525
2252,2021_1328_1458,0.3113519187424958
2253,2021_1329_1458,0.3691532284298631
2254,2021_1331_1458,0.06488358953297221
2255,2021_1332_1458,0.33895985901265546
2256,2021_1333_1458,0.17080185745988985
2257,2021_1345_1458,0.47250359256016555
2258,2021_1353_1458,0.3516696199515672
2259,2021_1361_1458,0.44309256611435177
2260,2021_1364_1458,0.2091885675069324
2261,2021_1382_1458,0.4288824579554551
2262,2021_1393_1458,0.30059226295959146
2263,2021_1397_1458,0.43610133661407635
2264,2021_1400_1458,0.4218122265679482
2265,2021_1403_1458,0.43264188431286466
2266,2021_1411_1458,0.05
2267,2021_1417_1458,0.292752037238062
2268,2021_1422_1458,0.13879885368814462
2269,2021_1425_1458,0.4710776265168042
2270,2021_1429_1458,0.30787736597656934
2271,2021_1433_1458,0.29260113682648337
2272,2021_1437_1458,0.4830153656360815
2273,2021_1438_1458,0.48409847241989273
2274,2021_1439_1458,0.27553712088362053
2275,2021_1452_1458,0.4140781189219164
2276,2021_1455_1458,0.19575649818766747
2277,2021_1457_1458,0.15060717629258705
